{ x : 885.002971589565, y :  1239.99702841043  }, 
{ x : 892.07229388332, y :  1232.92770611668  }, 
{ x : 899.140231741258, y :  1225.85976825874  }, 
{ x : 906.207963669667, y :  1218.79203633033  }, 
{ x : 913.288463188583, y :  1211.71153681142  }, 
{ x : 920.352281665573, y :  1204.64771833443  }, 
{ x : 927.424688718165, y :  1197.57531128183  }, 
{ x : 934.496835328, y :  1190.503164672  }, 
{ x : 941.566378858148, y :  1183.43362114185  }, 
{ x : 948.644751287284, y :  1176.35524871272  }, 
{ x : 955.713434663143, y :  1169.28656533686  }, 
{ x : 962.788413091985, y :  1162.21158690802  }, 
{ x : 969.852629178919, y :  1155.14737082108  }, 
{ x : 976.917792512186, y :  1148.08220748781  }, 
{ x : 983.990167584052, y :  1141.00983241595  }, 
{ x : 991.06834803256, y :  1133.93165196744  }, 
{ x : 998.141682594942, y :  1126.85831740506  }, 
{ x : 1005.21301154214, y :  1119.78698845786  }, 
{ x : 1012.27465258197, y :  1112.72534741803  }, 
{ x : 1019.35535450412, y :  1105.64464549588  }, 
{ x : 1026.42456643216, y :  1098.57543356784  }, 
{ x : 1033.48719801616, y :  1091.51280198384  }, 
{ x : 1040.55906663183, y :  1084.44093336817  }, 
{ x : 1047.63089783024, y :  1077.36910216976  }, 
{ x : 1054.70315593586, y :  1070.29684406414  }, 
{ x : 1061.77345413124, y :  1063.22654586876  }, 
{ x : 1068.84670650299, y :  1056.15329349701  }, 
{ x : 1075.92215964862, y :  1049.07784035138  }, 
{ x : 1082.99195257961, y :  1042.0080474204  }, 
{ x : 1090.05932078049, y :  1034.94067921951  }, 
{ x : 1097.13216926708, y :  1027.86783073292  }, 
{ x : 1104.20526754004, y :  1020.79473245996  }, 
{ x : 1111.27608817071, y :  1013.72391182929  }, 
{ x : 1118.35188434386, y :  1006.64811565614  }, 
{ x : 1125.41780452854, y :  999.582195471458  }, 
{ x : 1132.48158346301, y :  992.518416536987  }, 
{ x : 1139.55456218311, y :  985.445437816889  }, 
{ x : 1145.0352532377, y :  982.314962608973  }, 
{ x : 1145.18737978501, y :  992.304605882284  }, 
{ x : 1145.33976069861, y :  1002.31095254212  }, 
{ x : 1145.49202965759, y :  1012.30994751491  }, 
{ x : 1145.64426597657, y :  1022.30679912788  }, 
{ x : 1145.79656030021, y :  1032.30745971393  }, 
{ x : 1145.94870379941, y :  1042.2982161611  }, 
{ x : 1146.10111764018, y :  1052.30672503854  }, 
{ x : 1146.2532594782, y :  1062.29737240172  }, 
{ x : 1146.40557311312, y :  1072.29930109507  }, 
{ x : 1146.55766558841, y :  1082.2867069723  }, 
{ x : 1146.71004727169, y :  1092.29310417405  }, 
{ x : 1146.86235325696, y :  1102.29453054046  }, 
{ x : 1147.01457181902, y :  1112.29021611551  }, 
{ x : 1147.16682332909, y :  1122.28806527675  }, 
{ x : 1147.31925356388, y :  1132.29765069485  }, 
{ x : 1147.47142695091, y :  1142.29036977663  }, 
{ x : 1147.62365408915, y :  1152.28661852115  }, 
{ x : 1147.77604557938, y :  1162.29365971259  }, 
{ x : 1147.92806675634, y :  1172.27638366655  }, 
{ x : 1148.04695329815, y :  1182.27692865678  }, 
{ x : 1148.12788752466, y :  1192.28095074379  }, 
{ x : 1148.19800558686, y :  1202.27726042793  }, 
{ x : 1148.25717020035, y :  1212.2879965707  }, 
{ x : 1148.3048158884, y :  1222.27550429136  }, 
{ x : 1148.34068737179, y :  1232.27661716928  }, 
{ x : 1148.36417245865, y :  1242.28648536478  }, 
{ x : 1148.37454292923, y :  1252.27919521104  }, 
{ x : 1148.37100062519, y :  1262.27925472175  }, 
{ x : 1148.35246908665, y :  1272.28660852338  }, 
{ x : 1148.31770799309, y :  1282.27777239567  }, 
{ x : 1148.26494089514, y :  1292.28708343852  }, 
{ x : 1148.19217169285, y :  1302.28650450373  }, 
{ x : 1148.09663496166, y :  1312.28016421438  }, 
{ x : 1147.97430577874, y :  1322.29093678765  }, 
{ x : 1147.82044521719, y :  1332.27795827317  }, 
{ x : 1147.62671294808, y :  1342.28057678064  }, 
{ x : 1147.38119184971, y :  1352.27657154207  }, 
{ x : 1147.06212806702, y :  1362.27245996054  }, 
{ x : 1146.62435570359, y :  1372.25953943262  }, 
{ x : 1145.9275894165, y :  1382.22845100611  }, 
{ x : 1142.74882136571, y :  1391.45445916969  }, 
{ x : 1135.23340432957, y :  1398.02717152277  }, 
{ x : 1126.95142318151, y :  1403.65130095578  }, 
{ x : 1118.39391794374, y :  1408.81042538225  }, 
{ x : 1109.67044514878, y :  1413.68314962615  }, 
{ x : 1100.8264425182, y :  1418.35322703268  }, 
{ x : 1091.89932902745, y :  1422.86039327602  }, 
{ x : 1082.89582170861, y :  1427.23734350593  }, 
{ x : 1073.85318883199, y :  1431.48965118134  }, 
{ x : 1064.76002554613, y :  1435.63878569625  }, 
{ x : 1055.61138762937, y :  1439.6974390786  }, 
{ x : 1046.43625697759, y :  1443.65994559674  }, 
{ x : 1037.22117393229, y :  1447.53680887427  }, 
{ x : 1027.96187310378, y :  1451.33199654191  }, 
{ x : 1018.66698188864, y :  1455.04231798213  }, 
{ x : 1009.36042152305, y :  1458.65732982067  }, 
{ x : 999.996741066869, y :  1462.19168148221  }, 
{ x : 990.6009091528, y :  1465.6306997002  }, 
{ x : 981.183781492976, y :  1468.96357825065  }, 
{ x : 971.711425323862, y :  1472.19237175843  }, 
{ x : 962.209579877711, y :  1475.29467157494  }, 
{ x : 952.667440997066, y :  1478.25584408631  }, 
{ x : 943.064361159274, y :  1481.05630853847  }, 
{ x : 933.398354482029, y :  1483.65893185654  }, 
{ x : 923.682316653922, y :  1485.9990431501  }, 
{ x : 913.875247622073, y :  1487.96602280477  }, 
{ x : 904.020301414847, y :  1489.63796156976  }, 
{ x : 894.132688404614, y :  1491.09236820244  }, 
{ x : 884.206811052514, y :  1492.37674242386  }, 
{ x : 874.276435218188, y :  1493.51694685491  }, 
{ x : 864.328929396605, y :  1494.53527796466  }, 
{ x : 854.362384193781, y :  1495.4463679199  }, 
{ x : 844.400418611011, y :  1496.25879387546  }, 
{ x : 834.429193483666, y :  1496.98171711061  }, 
{ x : 824.447394544957, y :  1497.62097582256  }, 
{ x : 814.471052987781, y :  1498.17989031875  }, 
{ x : 804.472829725487, y :  1498.66295171876  }, 
{ x : 794.484582739074, y :  1499.07059156774  }, 
{ x : 784.484208952705, y :  1499.40489730584  }, 
{ x : 774.499197225523, y :  1499.66538257395  }, 
{ x : 764.490664276007, y :  1499.8526049659  }, 
{ x : 754.484363056952, y :  1499.96472498507  }, 
{ x : 744.491064921021, y :  1500  }, 
{ x : 734.495299543341, y :  1500  }, 
{ x : 724.490587335749, y :  1500  }, 
{ x : 714.486152986065, y :  1500  }, 
{ x : 704.498959163902, y :  1500  }, 
{ x : 694.500445766607, y :  1500  }, 
{ x : 684.494634217845, y :  1500  }, 
{ x : 674.501404762268, y :  1500  }, 
{ x : 664.500270012068, y :  1500  }, 
{ x : 654.489769383072, y :  1500  }, 
{ x : 644.496968840394, y :  1500  }, 
{ x : 634.491384307621, y :  1500  }, 
{ x : 625.354874432087, y :  1499.64512556791  }, 
{ x : 632.431539730169, y :  1492.56846026983  }, 
{ x : 639.500748118289, y :  1485.49925188171  }, 
{ x : 646.567414721858, y :  1478.43258527814  }, 
{ x : 653.646217707637, y :  1471.35378229236  }, 
{ x : 660.708704126373, y :  1464.29129587363  }, 
{ x : 667.788050905801, y :  1457.2119490942  }, 
{ x : 674.861399278379, y :  1450.13860072162  }, 
{ x : 681.927511298073, y :  1443.07248870193  }, 
{ x : 688.998649875439, y :  1436.00135012456  }, 
{ x : 696.067622615838, y :  1428.93237738416  }, 
{ x : 703.140745353958, y :  1421.85925464604  }, 
{ x : 710.21246901934, y :  1414.78753098066  }, 
{ x : 717.28388608456, y :  1407.71611391544  }, 
{ x : 724.3497439946, y :  1400.6502560054  }, 
{ x : 731.420051081708, y :  1393.57994891829  }, 
{ x : 738.496112437524, y :  1386.50388756248  }, 
{ x : 745.569198708532, y :  1379.43080129147  }, 
{ x : 752.643547339821, y :  1372.35645266018  }, 
{ x : 759.712216984553, y :  1365.28778301545  }, 
{ x : 766.780354940835, y :  1358.21964505917  }, 
{ x : 773.852752362681, y :  1351.14724763732  }, 
{ x : 780.921518931024, y :  1344.07848106898  }, 
{ x : 787.989205991759, y :  1337.01079400824  }, 
{ x : 795.067613726133, y :  1329.93238627387  }, 
{ x : 802.131316325458, y :  1322.86868367454  }, 
{ x : 809.207619383878, y :  1315.79238061612  }, 
{ x : 816.284141034839, y :  1308.71585896516  }, 
{ x : 823.342436383027, y :  1301.65756361697  }, 
{ x : 830.416263912921, y :  1294.58373608708  }, 
{ x : 837.491578366809, y :  1287.50842163319  }, 
{ x : 844.562293908592, y :  1280.43770609141  }, 
{ x : 851.632975238509, y :  1273.36702476149  }, 
{ x : 858.699271871592, y :  1266.30072812841  }, 
{ x : 865.775991720147, y :  1259.22400827985  }, 
{ x : 872.85167215101, y :  1252.14832784899  }, 
{ x : 879.922981597483, y :  1245.07701840252  }, 
{ x : 519.992584239692, y :  1470.99761958979  }, 
{ x : 510.496514415483, y :  1467.87899510213  }, 
{ x : 501.044236085895, y :  1464.63345668382  }, 
{ x : 491.627974206102, y :  1461.25790523269  }, 
{ x : 482.261976214111, y :  1457.75719434393  }, 
{ x : 472.945718697179, y :  1454.13122132961  }, 
{ x : 463.664183695566, y :  1450.37390626361  }, 
{ x : 454.460349450705, y :  1446.50310682296  }, 
{ x : 445.290208869663, y :  1442.50078852671  }, 
{ x : 436.182091162467, y :  1438.3794591146  }, 
{ x : 427.121047889336, y :  1434.13285708704  }, 
{ x : 418.120817075353, y :  1429.76793827649  }, 
{ x : 409.194940305897, y :  1425.29250235786  }, 
{ x : 400.300213624563, y :  1420.68543289011  }, 
{ x : 391.492660406759, y :  1415.97666133152  }, 
{ x : 382.729239211559, y :  1411.1444595105  }, 
{ x : 374.037467311251, y :  1406.20494486228  }, 
{ x : 365.402646400151, y :  1401.15107960277  }, 
{ x : 356.83807906264, y :  1395.99198024976  }, 
{ x : 348.343036604419, y :  1390.72891118625  }, 
{ x : 339.902987502037, y :  1385.35422946417  }, 
{ x : 331.544897080472, y :  1379.88683974944  }, 
{ x : 323.24048405455, y :  1374.30998908612  }, 
{ x : 315.002875956197, y :  1368.6338940234  }, 
{ x : 306.83139707014, y :  1362.85986294329  }, 
{ x : 298.738985628386, y :  1356.99918442319  }, 
{ x : 290.711303860997, y :  1351.04363233061  }, 
{ x : 282.737773552974, y :  1344.99240771669  }, 
{ x : 274.893056253557, y :  1338.80934326515  }, 
{ x : 267.143593234043, y :  1332.48246608432  }, 
{ x : 259.484625178673, y :  1326.03718505486  }, 
{ x : 251.925792947706, y :  1319.50378537599  }, 
{ x : 244.431198246757, y :  1312.86726639618  }, 
{ x : 237.024363350409, y :  1306.16009552056  }, 
{ x : 229.688138391444, y :  1299.37536704203  }, 
{ x : 222.405203555798, y :  1292.50191533787  }, 
{ x : 215.209883852013, y :  1285.57488846163  }, 
{ x : 208.076361908723, y :  1278.56980362406  }, 
{ x : 201.009261814441, y :  1271.48806525779  }, 
{ x : 194.02023871243, y :  1264.33521682024  }, 
{ x : 187.108437867583, y :  1257.10007257475  }, 
{ x : 180.289318786934, y :  1249.78272492439  }, 
{ x : 173.580220362172, y :  1242.37756868452  }, 
{ x : 166.987614218252, y :  1234.85320726467  }, 
{ x : 160.556622473192, y :  1227.19762575145  }, 
{ x : 154.343460836877, y :  1219.36385336093  }, 
{ x : 148.471549620852, y :  1211.26442464441  }, 
{ x : 143.320079871133, y :  1202.70139202906  }, 
{ x : 142.714319348335, y :  1193.82113656309  }, 
{ x : 152.689722782001, y :  1193.21214035615  }, 
{ x : 162.679839023942, y :  1192.9165387774  }, 
{ x : 172.680687306449, y :  1192.70207236709  }, 
{ x : 182.67132055774, y :  1192.53189041064  }, 
{ x : 192.669407997193, y :  1192.39070799798  }, 
{ x : 202.664839744568, y :  1192.27087957412  }, 
{ x : 212.669714358664, y :  1192.16758143526  }, 
{ x : 222.68359375, y :  1192.07777023315  }, 
{ x : 232.670539255516, y :  1191.99957870061  }, 
{ x : 242.670631042449, y :  1191.93109463698  }, 
{ x : 252.68274279125, y :  1191.87116793297  }, 
{ x : 262.671996815363, y :  1191.81906619192  }, 
{ x : 272.663782267511, y :  1191.7738968818  }, 
{ x : 282.669921618275, y :  1191.73502636034  }, 
{ x : 292.66962613034, y :  1191.7020514197  }, 
{ x : 302.674013379175, y :  1191.67452438424  }, 
{ x : 312.671214911126, y :  1191.65213181117  }, 
{ x : 322.681683674455, y :  1191.63453999429  }, 
{ x : 332.67063634453, y :  1191.62155470987  }, 
{ x : 342.66450597017, y :  1191.61291574043  }, 
{ x : 352.662835574331, y :  1191.60844404426  }, 
{ x : 362.666989004239, y :  1191.60798405642  }, 
{ x : 372.663959706435, y :  1191.61139507503  }, 
{ x : 382.673887459561, y :  1191.61856445788  }, 
{ x : 392.669809870586, y :  1191.62936510237  }, 
{ x : 402.674422465181, y :  1191.6437248265  }, 
{ x : 412.678739683935, y :  1191.6615532484  }, 
{ x : 422.674153988803, y :  1191.68275889395  }, 
{ x : 432.669625814742, y :  1191.70729431857  }, 
{ x : 442.67511583371, y :  1191.73513536932  }, 
{ x : 452.666463589034, y :  1191.7661668308  }, 
{ x : 462.672140009865, y :  1191.80043809708  }, 
{ x : 472.668607839969, y :  1191.83783824995  }, 
{ x : 482.667837606805, y :  1191.8783821011  }, 
{ x : 492.682503231103, y :  1191.92210804735  }, 
{ x : 502.671447621426, y :  1191.96881517196  }, 
{ x : 512.675734203021, y :  1192.03054626762  }, 
{ x : 522.669805801424, y :  1192.11359949419  }, 
{ x : 532.668792041416, y :  1192.19669356267  }, 
{ x : 542.678280511867, y :  1192.2798749073  }, 
{ x : 552.679801379436, y :  1192.36299003916  }, 
{ x : 562.679871773045, y :  1192.44609311723  }, 
{ x : 572.669703576413, y :  1192.52911111005  }, 
{ x : 582.679504860091, y :  1192.61229505424  }, 
{ x : 592.671227786141, y :  1192.69532876277  }, 
{ x : 602.670944166603, y :  1192.77842889889  }, 
{ x : 612.659665589156, y :  1192.86143766418  }, 
{ x : 622.665256187323, y :  1192.94458661652  }, 
{ x : 632.667558298566, y :  1193.02770824071  }, 
{ x : 642.669717271109, y :  1193.11082867538  }, 
{ x : 652.665388855564, y :  1193.19389519825  }, 
{ x : 662.669043044313, y :  1193.27702805854  }, 
{ x : 672.666002565613, y :  1193.36010528448  }, 
{ x : 682.659994909019, y :  1193.44315785243  }, 
{ x : 692.672706320882, y :  1193.52636598051  }, 
{ x : 702.660250310534, y :  1193.60936496103  }, 
{ x : 712.661088678951, y :  1193.69247442115  }, 
{ x : 722.663081021077, y :  1193.77559347109  }, 
{ x : 732.668652401369, y :  1193.85874226372  }, 
{ x : 742.661423631336, y :  1193.94178468392  }, 
{ x : 752.668933836307, y :  1194.02494958867  }, 
{ x : 762.665502801538, y :  1194.10802356899  }, 
{ x : 772.664918330178, y :  1194.19112120496  }, 
{ x : 782.669528241586, y :  1194.27426200755  }, 
{ x : 792.667218207818, y :  1194.35734530367  }, 
{ x : 802.654294169717, y :  1194.44034039476  }, 
{ x : 812.661375550519, y :  1194.52350173588  }, 
{ x : 822.666478767827, y :  1194.60664663796  }, 
{ x : 832.663060330824, y :  1194.68972072297  }, 
{ x : 842.662767344756, y :  1194.77282078126  }, 
{ x : 852.664276366265, y :  1194.85593581468  }, 
{ x : 862.666359721538, y :  1194.93905562095  }, 
{ x : 868.114586061565, y :  1196.88541393843  }, 
{ x : 861.05327047655, y :  1203.94672952345  }, 
{ x : 853.971034459431, y :  1211.02896554057  }, 
{ x : 846.910007562517, y :  1218.08999243748  }, 
{ x : 839.830966446378, y :  1225.16903355362  }, 
{ x : 832.763196205749, y :  1232.23680379425  }, 
{ x : 825.695806128904, y :  1239.3041938711  }, 
{ x : 818.625239444198, y :  1246.3747605558  }, 
{ x : 811.545353583275, y :  1253.45464641672  }, 
{ x : 804.480191379105, y :  1260.51980862089  }, 
{ x : 797.401682775496, y :  1267.5983172245  }, 
{ x : 790.342542807248, y :  1274.65745719275  }, 
{ x : 783.267717170675, y :  1281.73228282933  }, 
{ x : 776.200255374632, y :  1288.79974462537  }, 
{ x : 769.120984989515, y :  1295.87901501048  }, 
{ x : 762.055548198667, y :  1302.94445180133  }, 
{ x : 754.976094753225, y :  1310.02390524678  }, 
{ x : 747.915745890885, y :  1317.08425410912  }, 
{ x : 740.84145608751, y :  1324.15854391249  }, 
{ x : 733.7645799864, y :  1331.2354200136  }, 
{ x : 726.688804559381, y :  1338.31119544062  }, 
{ x : 719.595196169801, y :  1345.35879296763  }, 
{ x : 712.482247989354, y :  1352.37562022672  }, 
{ x : 705.368068856187, y :  1359.39366180403  }, 
{ x : 698.248968018379, y :  1366.41655857646  }, 
{ x : 691.125286530818, y :  1373.44397409798  }, 
{ x : 684.005879806291, y :  1380.46717262352  }, 
{ x : 676.881931168027, y :  1387.49485168559  }, 
{ x : 669.764635174632, y :  1394.5159680034  }, 
{ x : 662.642647650908, y :  1401.54171245248  }, 
{ x : 655.523469302032, y :  1408.56468568854  }, 
{ x : 648.417363749466, y :  1415.57476278769  }, 
{ x : 641.289075299996, y :  1422.60672301487  }, 
{ x : 634.171489340852, y :  1429.62812537997  }, 
{ x : 627.049176165383, y :  1436.6541910801  }, 
{ x : 619.932214774643, y :  1443.67497731691  }, 
{ x : 612.813509460329, y :  1450.69748391076  }, 
{ x : 605.699381992616, y :  1457.7154745208  }, 
{ x : 598.57373892155, y :  1464.74482511793  }, 
{ x : 591.457489482025, y :  1471.76490902449  }, 
{ x : 584.342216611956, y :  1478.78402955848  }, 
{ x : 577.221559040598, y :  1485.80846202752  }, 
{ x : 568.420345103368, y :  1485.9662884865  }, 
{ x : 558.869811045006, y :  1483.01430523209  }, 
{ x : 549.311577222543, y :  1480.0599420506  }, 
{ x : 539.759141015675, y :  1477.10737085939  }, 
{ x : 530.216180756688, y :  1474.15772859752  }, 
{ x : 520.655991211534, y :  1471.20276091993  }, 
{ x : 1190, y :  992.995794057846  }, 
{ x : 1190, y :  983.001948786223  }, 
{ x : 1190, y :  973.002499629532  }, 
{ x : 1190, y :  963.002070288349  }, 
{ x : 1190, y :  953.004854567815  }, 
{ x : 1190, y :  942.998883904897  }, 
{ x : 1190, y :  933.004089862516  }, 
{ x : 1190, y :  922.997180219645  }, 
{ x : 1190, y :  913.007725807802  }, 
{ x : 1190, y :  903.006505241683  }, 
{ x : 1190, y :  893.004364636993  }, 
{ x : 1190, y :  882.992916153489  }, 
{ x : 1190, y :  872.996334865798  }, 
{ x : 1190, y :  862.998079936951  }, 
{ x : 1190, y :  853.00571768339  }, 
{ x : 1190, y :  843.005198955591  }, 
{ x : 1190, y :  832.994750691869  }, 
{ x : 1190, y :  823.003577470779  }, 
{ x : 1190, y :  813.008995337404  }, 
{ x : 1190, y :  803.00387348322  }, 
{ x : 1190, y :  792.997727918731  }, 
{ x : 1190, y :  783.000447838393  }, 
{ x : 1190, y :  772.989632967605  }, 
{ x : 1190, y :  762.994763943129  }, 
{ x : 1190, y :  752.998319235921  }, 
{ x : 1190, y :  743.003490822553  }, 
{ x : 1190, y :  733.003108244947  }, 
{ x : 1190, y :  722.99799106238  }, 
{ x : 1190, y :  712.99898118592  }, 
{ x : 1190, y :  703.001142208564  }, 
{ x : 1190, y :  693.006245948862  }, 
{ x : 1190, y :  683.006192299072  }, 
{ x : 1190, y :  672.991553408523  }, 
{ x : 1190, y :  662.996404647827  }, 
{ x : 1190, y :  652.999710584118  }, 
{ x : 1190, y :  642.998519927263  }, 
{ x : 1190, y :  633.006848022749  }, 
{ x : 1191.41509675377, y :  626.415096753772  }, 
{ x : 1198.49184959079, y :  633.491849590791  }, 
{ x : 1205.55891114424, y :  640.558911144239  }, 
{ x : 1212.62989294529, y :  647.62989294529  }, 
{ x : 1219.70496210852, y :  654.704962108517  }, 
{ x : 1226.7717076111, y :  661.771707611101  }, 
{ x : 1233.8487832422, y :  668.848783242196  }, 
{ x : 1240.91266138814, y :  675.912661388138  }, 
{ x : 1247.98058100339, y :  682.980581003387  }, 
{ x : 1255.05554621003, y :  690.055546210027  }, 
{ x : 1262.12676075597, y :  697.126760755968  }, 
{ x : 1269.20348594792, y :  704.203485947919  }, 
{ x : 1276.26940970691, y :  711.269409706914  }, 
{ x : 1283.34575238081, y :  718.345752380814  }, 
{ x : 1290.4051194651, y :  725.405119465099  }, 
{ x : 1297.48281764732, y :  732.482817647319  }, 
{ x : 1304.55906243366, y :  739.559062433658  }, 
{ x : 1311.62772947704, y :  746.627729477041  }, 
{ x : 1318.69186185888, y :  753.691861858879  }, 
{ x : 1325.76088245093, y :  760.760882450926  }, 
{ x : 1332.8343774227, y :  767.834377422696  }, 
{ x : 1339.90673891455, y :  774.906738914549  }, 
{ x : 1346.98334163742, y :  781.983341637417  }, 
{ x : 1354.05702920597, y :  789.057029205971  }, 
{ x : 1361.11710209551, y :  796.117102095508  }, 
{ x : 1368.19585647306, y :  803.195856473059  }, 
{ x : 1375.26407610604, y :  810.264076106045  }, 
{ x : 1382.33011063885, y :  817.330110638854  }, 
{ x : 1389.40297195059, y :  824.402971950587  }, 
{ x : 1396.47222602311, y :  831.472226023108  }, 
{ x : 1403.55167252439, y :  838.551672524392  }, 
{ x : 1410.61560129374, y :  845.615601293743  }, 
{ x : 1417.68544463102, y :  852.685444631017  }, 
{ x : 1424.75740791382, y :  859.757407913823  }, 
{ x : 1431.83765994071, y :  866.837659940706  }, 
{ x : 1438.89751304092, y :  873.897513040924  }, 
{ x : 1445.97029023618, y :  880.970290236175  }, 
{ x : 1453.04581040144, y :  888.04581040144  }, 
{ x : 1460.11251173262, y :  895.112511732616  }, 
{ x : 1467.19363116473, y :  902.19363116473  }, 
{ x : 1474.25350890309, y :  909.253508903086  }, 
{ x : 1481.33400993515, y :  916.334009935148  }, 
{ x : 1486.47022304428, y :  923.915347455302  }, 
{ x : 1483.80319230072, y :  933.557689374313  }, 
{ x : 1481.13702910417, y :  943.19689477724  }, 
{ x : 1478.4738625288, y :  952.825266242027  }, 
{ x : 1475.80759429932, y :  962.464851379395  }, 
{ x : 1473.07301819579, y :  972.079058126033  }, 
{ x : 1470.04562563749, y :  981.60911451935  }, 
{ x : 1466.81621986782, y :  991.068261866545  }, 
{ x : 1463.39746956981, y :  1000.47176906056  }, 
{ x : 1459.8067023907, y :  1009.81351811514  }, 
{ x : 1456.06410906701, y :  1019.07677273756  }, 
{ x : 1452.16696426258, y :  1028.2967534567  }, 
{ x : 1448.13601034017, y :  1037.44758784199  }, 
{ x : 1443.98036922543, y :  1046.52960844099  }, 
{ x : 1439.69507692605, y :  1055.57007554913  }, 
{ x : 1435.2975980457, y :  1064.54586998033  }, 
{ x : 1430.78588745217, y :  1073.47318807442  }, 
{ x : 1426.16951919507, y :  1082.34301751486  }, 
{ x : 1421.45068221698, y :  1091.15979289973  }, 
{ x : 1416.63049705649, y :  1099.92837681192  }, 
{ x : 1411.71653543043, y :  1108.640938942  }, 
{ x : 1406.71616748938, y :  1117.28992578987  }, 
{ x : 1401.62105844656, y :  1125.8939362592  }, 
{ x : 1396.43726781356, y :  1134.44568707307  }, 
{ x : 1391.16270895689, y :  1142.95086718522  }, 
{ x : 1385.81103014026, y :  1151.38948797933  }, 
{ x : 1380.37139613201, y :  1159.78001754916  }, 
{ x : 1374.84878496616, y :  1168.11513525643  }, 
{ x : 1369.23961928083, y :  1176.40002201916  }, 
{ x : 1363.54855557045, y :  1184.62702106955  }, 
{ x : 1357.78029535521, y :  1192.78840819976  }, 
{ x : 1351.9218749392, y :  1200.90065232621  }, 
{ x : 1345.98651644715, y :  1208.94302890432  }, 
{ x : 1339.96083356279, y :  1216.93071130922  }, 
{ x : 1333.85823549803, y :  1224.84240487575  }, 
{ x : 1327.65595974555, y :  1232.70313053723  }, 
{ x : 1321.37675663622, y :  1240.47897519913  }, 
{ x : 1315.0070208377, y :  1248.18148665103  }, 
{ x : 1308.54231824877, y :  1255.80927289795  }, 
{ x : 1301.97838324816, y :  1263.35950031919  }, 
{ x : 1295.32055788635, y :  1270.81739984055  }, 
{ x : 1288.55587099306, y :  1278.18762961216  }, 
{ x : 1281.69046998932, y :  1285.45228728056  }, 
{ x : 1274.71232402494, y :  1292.61144738242  }, 
{ x : 1267.61943364203, y :  1299.65246572038  }, 
{ x : 1260.39196102844, y :  1306.57761006494  }, 
{ x : 1253.03917182601, y :  1313.35807503093  }, 
{ x : 1245.55290247314, y :  1319.97918164916  }, 
{ x : 1237.90822306755, y :  1326.43602772469  }, 
{ x : 1230.11913879056, y :  1332.68563557147  }, 
{ x : 1222.14732197579, y :  1338.72154564613  }, 
{ x : 1213.96514897118, y :  1344.47231105436  }, 
{ x : 1205.73061618023, y :  1350.15129918605  }, 
{ x : 1197.48707074183, y :  1355.83650293667  }, 
{ x : 1190, y :  1360.10134889558  }, 
{ x : 1190, y :  1350.11122736085  }, 
{ x : 1190, y :  1340.09363229899  }, 
{ x : 1190, y :  1330.09975362942  }, 
{ x : 1190, y :  1320.10082567386  }, 
{ x : 1190, y :  1310.09692292552  }, 
{ x : 1190, y :  1300.103300977  }, 
{ x : 1190, y :  1290.10037655995  }, 
{ x : 1190, y :  1280.09856187758  }, 
{ x : 1190, y :  1270.10749483674  }, 
{ x : 1190, y :  1260.10781399455  }, 
{ x : 1190, y :  1250.10442461749  }, 
{ x : 1190, y :  1240.10487768818  }, 
{ x : 1190, y :  1230.10736511841  }, 
{ x : 1190, y :  1220.10267204448  }, 
{ x : 1190, y :  1210.10911404312  }, 
{ x : 1190, y :  1200.10846218495  }, 
{ x : 1190, y :  1190.09610633789  }, 
{ x : 1190, y :  1180.09947906388  }, 
{ x : 1190, y :  1170.09470343429  }, 
{ x : 1190, y :  1160.1080844666  }, 
{ x : 1190, y :  1150.0991869787  }, 
{ x : 1190, y :  1140.09602635267  }, 
{ x : 1190, y :  1130.09501239151  }, 
{ x : 1190, y :  1120.09558594314  }, 
{ x : 1190, y :  1110.10125143818  }, 
{ x : 1190, y :  1100.10523462698  }, 
{ x : 1190, y :  1090.10882770171  }, 
{ x : 1190, y :  1080.09429166047  }, 
{ x : 1190, y :  1070.10282752655  }, 
{ x : 1190, y :  1060.09568466194  }, 
{ x : 1190, y :  1050.09623023868  }, 
{ x : 1190, y :  1040.09828997163  }, 
{ x : 1190, y :  1030.09781293821  }, 
{ x : 1190, y :  1020.09724742692  }, 
{ x : 1190, y :  1010.10284597863  }, 
{ x : 1190, y :  1000.10408914462  }, 
{ x : 75.997436554171, y :  1092.99478154094  }, 
{ x : 71.6122476644884, y :  1084.0180670718  }, 
{ x : 67.2669976514924, y :  1075.00969135446  }, 
{ x : 62.9789041575423, y :  1065.98263319863  }, 
{ x : 58.7452340209857, y :  1056.90449902508  }, 
{ x : 54.5987201843075, y :  1047.81538910061  }, 
{ x : 50.5374926336547, y :  1038.67728818533  }, 
{ x : 46.5770365873614, y :  1029.48549368764  }, 
{ x : 42.7456942871213, y :  1020.26333457977  }, 
{ x : 39.0421651119248, y :  1010.9605041194  }, 
{ x : 35.5031693948688, y :  1001.61955421883  }, 
{ x : 32.1356718333718, y :  992.209725221854  }, 
{ x : 28.9558157920837, y :  982.726144313812  }, 
{ x : 25.980173541835, y :  973.173323265893  }, 
{ x : 23.2240174490726, y :  963.566598520963  }, 
{ x : 20.688107506372, y :  953.887623467483  }, 
{ x : 18.3771947438963, y :  944.149535104969  }, 
{ x : 16.2906251467375, y :  934.368788144975  }, 
{ x : 14.4202006097892, y :  924.551711188593  }, 
{ x : 12.752427493612, y :  914.695352313253  }, 
{ x : 11.2728685141774, y :  904.804477128317  }, 
{ x : 9.96653847524431, y :  894.892605828471  }, 
{ x : 8.81626195821445, y :  884.964290567557  }, 
{ x : 7.80394338408951, y :  875.012611726881  }, 
{ x : 6.91481930512896, y :  865.055521231426  }, 
{ x : 6.13208487136762, y :  855.077330824106  }, 
{ x : 5.44378995794978, y :  845.106295273683  }, 
{ x : 4.83574480305512, y :  835.122491724745  }, 
{ x : 4.29689887358654, y :  825.127659716838  }, 
{ x : 3.81859144206646, y :  815.148419142124  }, 
{ x : 3.39106487184472, y :  805.166968244986  }, 
{ x : 3.00595423530856, y :  795.163012933476  }, 
{ x : 2.59655969590494, y :  785.176563255778  }, 
{ x : 2.20980834960937, y :  775.180389404297  }, 
{ x : 1.84696385725692, y :  765.179567790139  }, 
{ x : 1.50900683396321, y :  755.190161153107  }, 
{ x : 1.19621714004393, y :  745.197011528624  }, 
{ x : 0.90980181125633, y :  735.19520197784  }, 
{ x : 0.652270869967879, y :  725.204509466936  }, 
{ x : 0.426182159222662, y :  715.216299382038  }, 
{ x : 0.235447704792023, y :  705.218443930149  }, 
{ x : 0.086321979571949, y :  695.203427453744  }, 
{ x : -0.010826002029717, y :  685.206300750562  }, 
{ x : -0.039426609917428, y :  675.208731306266  }, 
{ x : 0.033814399022958, y :  665.218345775895  }, 
{ x : 0.296990871531307, y :  655.2180198485  }, 
{ x : 1.99711513519287, y :  645.643927693367  }, 
{ x : 11.1520449537784, y :  648.938819238683  }, 
{ x : 19.3396723959595, y :  654.697439194424  }, 
{ x : 27.1781134408375, y :  660.904381270975  }, 
{ x : 34.832872221974, y :  667.324988990495  }, 
{ x : 42.3817990731914, y :  673.884594422852  }, 
{ x : 49.8494380632073, y :  680.533376116252  }, 
{ x : 57.2632547169924, y :  687.25372136198  }, 
{ x : 64.6271369171845, y :  694.021917634351  }, 
{ x : 71.9430498062975, y :  700.820733946045  }, 
{ x : 79.2444913660183, y :  707.667788495438  }, 
{ x : 86.5110882951817, y :  714.533886906115  }, 
{ x : 93.7525186818093, y :  721.420201653848  }, 
{ x : 100.991880043381, y :  728.34261393463  }, 
{ x : 108.202467198716, y :  735.27063550413  }, 
{ x : 115.392352864146, y :  742.207824895158  }, 
{ x : 122.576492594555, y :  749.16524050734  }, 
{ x : 129.753342976819, y :  756.138609639158  }, 
{ x : 136.912831991102, y :  763.115726502719  }, 
{ x : 144.05889089346, y :  770.098317988511  }, 
{ x : 151.211093863524, y :  777.103771706273  }, 
{ x : 158.341808703, y :  784.103480851922  }, 
{ x : 165.475112723414, y :  791.119713199175  }, 
{ x : 172.598607528518, y :  798.139100748198  }, 
{ x : 179.713888005092, y :  805.162145589133  }, 
{ x : 186.823952099308, y :  812.190864148783  }, 
{ x : 193.933157163965, y :  819.228735286533  }, 
{ x : 201.032420692662, y :  826.266013222598  }, 
{ x : 208.127808065918, y :  833.308023578923  }, 
{ x : 215.226652657238, y :  840.361445472015  }, 
{ x : 222.321883872151, y :  847.418709388003  }, 
{ x : 229.406489355564, y :  854.472323420639  }, 
{ x : 236.489721801478, y :  861.531030461495  }, 
{ x : 243.565530449454, y :  868.588375419527  }, 
{ x : 250.644667257223, y :  875.654697069841  }, 
{ x : 257.7219938247, y :  882.72451826508  }, 
{ x : 264.792405468848, y :  889.7924074808  }, 
{ x : 271.862361873127, y :  896.862361873127  }, 
{ x : 278.932735964772, y :  903.932735964772  }, 
{ x : 286.00174712541, y :  911.001747125411  }, 
{ x : 293.071587197483, y :  918.071587197483  }, 
{ x : 300.149229160515, y :  925.149229160516  }, 
{ x : 307.216268546803, y :  932.216268546803  }, 
{ x : 314.286195053137, y :  939.286195053137  }, 
{ x : 321.356063663543, y :  946.356063663543  }, 
{ x : 328.436854113825, y :  953.436854113825  }, 
{ x : 335.499017181627, y :  960.499017181627  }, 
{ x : 342.568412745022, y :  967.568412745022  }, 
{ x : 349.639140141007, y :  974.639140141007  }, 
{ x : 356.711994060533, y :  981.711994060533  }, 
{ x : 363.781483882258, y :  988.781483882258  }, 
{ x : 370.857403470139, y :  995.857403470139  }, 
{ x : 377.929078933403, y :  1002.9290789334  }, 
{ x : 384.999330616489, y :  1009.99933061649  }, 
{ x : 392.072363573016, y :  1017.07236357302  }, 
{ x : 399.141222841936, y :  1024.14122284194  }, 
{ x : 406.211056359822, y :  1031.21105635982  }, 
{ x : 413.286676192555, y :  1038.28667619255  }, 
{ x : 420.348525819691, y :  1045.34852581969  }, 
{ x : 427.422739515141, y :  1052.42273951514  }, 
{ x : 434.498013207203, y :  1059.4980132072  }, 
{ x : 441.571996445418, y :  1066.57199644542  }, 
{ x : 448.638704319974, y :  1073.63870431997  }, 
{ x : 455.708975216476, y :  1080.70897521648  }, 
{ x : 462.785499157044, y :  1087.78549915704  }, 
{ x : 469.850749376361, y :  1094.85074937636  }, 
{ x : 476.923656617552, y :  1101.92365661755  }, 
{ x : 483.999451935024, y :  1108.99945193502  }, 
{ x : 491.059580296578, y :  1116.05958029658  }, 
{ x : 498.139522674728, y :  1123.13952267473  }, 
{ x : 505.204217735582, y :  1130.20421773558  }, 
{ x : 512.283654399216, y :  1137.28365439922  }, 
{ x : 519.35060881312, y :  1144.35060881312  }, 
{ x : 522.996071039961, y :  1150  }, 
{ x : 512.993783770948, y :  1150  }, 
{ x : 502.991672693035, y :  1150  }, 
{ x : 492.982308987575, y :  1150  }, 
{ x : 482.997765582724, y :  1150  }, 
{ x : 472.994987067056, y :  1150  }, 
{ x : 462.99431902428, y :  1150  }, 
{ x : 452.994341771503, y :  1150  }, 
{ x : 442.987708322284, y :  1150  }, 
{ x : 432.989427437162, y :  1150  }, 
{ x : 422.995921509839, y :  1150  }, 
{ x : 412.993632052168, y :  1150  }, 
{ x : 402.986081917243, y :  1150  }, 
{ x : 392.981240464109, y :  1150  }, 
{ x : 382.979772621769, y :  1150  }, 
{ x : 372.985658147809, y :  1150  }, 
{ x : 362.987799494265, y :  1150  }, 
{ x : 352.992711671766, y :  1150  }, 
{ x : 342.99278841254, y :  1150  }, 
{ x : 332.980364377694, y :  1150  }, 
{ x : 322.982068586189, y :  1150  }, 
{ x : 312.988409612561, y :  1150  }, 
{ x : 302.989694501419, y :  1150  }, 
{ x : 292.997111320496, y :  1150  }, 
{ x : 282.979598797159, y :  1150  }, 
{ x : 272.988601196917, y :  1150  }, 
{ x : 262.990063185251, y :  1150  }, 
{ x : 252.987760426468, y :  1150  }, 
{ x : 242.987795996099, y :  1150  }, 
{ x : 232.987643735785, y :  1150  }, 
{ x : 222.986051147804, y :  1150  }, 
{ x : 212.980491288239, y :  1150  }, 
{ x : 202.996697516049, y :  1150  }, 
{ x : 192.980233616025, y :  1150  }, 
{ x : 182.995680302818, y :  1150  }, 
{ x : 172.985174695378, y :  1150  }, 
{ x : 162.987828302485, y :  1150  }, 
{ x : 152.987342435701, y :  1150  }, 
{ x : 142.997642908507, y :  1150  }, 
{ x : 132.979108661628, y :  1150  }, 
{ x : 122.99296697948, y :  1150  }, 
{ x : 112.982018702463, y :  1150  }, 
{ x : 102.99508190155, y :  1149.98961734772  }, 
{ x : 98.7143130964541, y :  1140.95243875918  }, 
{ x : 94.4292112652038, y :  1131.90611267099  }, 
{ x : 90.1523619752843, y :  1122.87720861449  }, 
{ x : 85.871791942307, y :  1113.84044965598  }, 
{ x : 81.5944174528122, y :  1104.81043684483  }, 
{ x : 77.3113906879444, y :  1095.76849145233  }, 
{ x : 156.993288397789, y :  721.993242740631  }, 
{ x : 149.959408222931, y :  714.911513040774  }, 
{ x : 142.905022025108, y :  707.809137821198  }, 
{ x : 135.860262124566, y :  700.716454383917  }, 
{ x : 128.809131946455, y :  693.617357333846  }, 
{ x : 121.766470743587, y :  686.526786871094  }, 
{ x : 114.715678097236, y :  679.428029648918  }, 
{ x : 107.667772355828, y :  672.332178970493  }, 
{ x : 100.625759107468, y :  665.242260870104  }, 
{ x : 93.5788328193753, y :  658.147396307943  }, 
{ x : 86.5273452505412, y :  651.047939435919  }, 
{ x : 79.4777695694252, y :  643.950407457653  }, 
{ x : 72.4344782568855, y :  636.859202598769  }, 
{ x : 65.3911059392449, y :  629.76791618373  }, 
{ x : 58.3368997070938, y :  622.665722154081  }, 
{ x : 51.2899344860052, y :  615.570818394073  }, 
{ x : 44.2446961587343, y :  608.47765327546  }, 
{ x : 37.1977146928803, y :  601.382733160179  }, 
{ x : 30.1507081747877, y :  594.287787822235  }, 
{ x : 23.1098868523259, y :  587.199069756083  }, 
{ x : 16.0597260168579, y :  580.100948642823  }, 
{ x : 10.4649473025929, y :  572.67857082421  }, 
{ x : 13.7878810742404, y :  563.234443262685  }, 
{ x : 17.1019178722054, y :  553.81560183689  }, 
{ x : 20.4241140948434, y :  544.373570467287  }, 
{ x : 23.7452757374849, y :  534.934479482938  }, 
{ x : 27.0603782527905, y :  525.51260917628  }, 
{ x : 30.3346010674541, y :  516.067355862706  }, 
{ x : 33.6160543811197, y :  506.619050634383  }, 
{ x : 36.9959904409661, y :  497.201560356534  }, 
{ x : 40.472252234671, y :  487.830295736931  }, 
{ x : 44.0543111562729, y :  478.488920331001  }, 
{ x : 47.7400076824283, y :  469.192041535262  }, 
{ x : 51.5330432610376, y :  459.938305170697  }, 
{ x : 55.4372265625098, y :  450.726166663346  }, 
{ x : 59.4434570819139, y :  441.5831066221  }, 
{ x : 63.5748704822909, y :  432.462834620994  }, 
{ x : 67.8156355629149, y :  423.406555522449  }, 
{ x : 72.1691047629242, y :  414.410974336128  }, 
{ x : 76.6386956962633, y :  405.472665521873  }, 
{ x : 81.2278918522752, y :  396.588071354989  }, 
{ x : 85.9402432996098, y :  387.753500283793  }, 
{ x : 90.7566485505086, y :  379.005743559683  }, 
{ x : 95.7025032610582, y :  370.299474827243  }, 
{ x : 100.757788114453, y :  361.670558469516  }, 
{ x : 105.924709795156, y :  353.11384555609  }, 
{ x : 111.205474987626, y :  344.624187156558  }, 
{ x : 116.602290376326, y :  336.196434340509  }, 
{ x : 122.100103358414, y :  327.851272276737  }, 
{ x : 127.708811572592, y :  319.570256244455  }, 
{ x : 133.421022361337, y :  311.360855948351  }, 
{ x : 139.22855172705, y :  303.230350676313  }, 
{ x : 145.141187041765, y :  295.160582493292  }, 
{ x : 151.134645617873, y :  287.165118971345  }, 
{ x : 157.278215715822, y :  279.262806370418  }, 
{ x : 163.569772278099, y :  271.487579630661  }, 
{ x : 169.981897544858, y :  263.824070404546  }, 
{ x : 176.514121328279, y :  256.239573937502  }, 
{ x : 183.128641901044, y :  248.754128956393  }, 
{ x : 189.843395784295, y :  241.330378978775  }, 
{ x : 196.626873187563, y :  233.991188118734  }, 
{ x : 203.487211665265, y :  226.719189126838  }, 
{ x : 210.423966222237, y :  219.510002570914  }, 
{ x : 217.425462978877, y :  212.373515138781  }, 
{ x : 224.503576429034, y :  205.298188490649  }, 
{ x : 231.643107570533, y :  198.302565000724  }, 
{ x : 238.860089885588, y :  191.377547562992  }, 
{ x : 246.149880762938, y :  184.53853368187  }, 
{ x : 253.529492981732, y :  177.786290690303  }, 
{ x : 261.005016989191, y :  171.140705353348  }, 
{ x : 268.590660944637, y :  164.628193100979  }, 
{ x : 276.319105864938, y :  158.284927346017  }, 
{ x : 284.246066523525, y :  152.182966701996  }, 
{ x : 292.471747437827, y :  146.505175689847  }, 
{ x : 301.338423140696, y :  141.934814429143  }, 
{ x : 306.540590017103, y :  147.104677081108  }, 
{ x : 306.932780490257, y :  157.093448758125  }, 
{ x : 307.184976734221, y :  167.08945941925  }, 
{ x : 307.377122099331, y :  177.077717966633  }, 
{ x : 307.533417382937, y :  187.081690358609  }, 
{ x : 307.664543415803, y :  197.086236727104  }, 
{ x : 307.776608867522, y :  207.085800254019  }, 
{ x : 307.873461940087, y :  217.075501381652  }, 
{ x : 307.957935777583, y :  227.078542564443  }, 
{ x : 308.031727768286, y :  237.076631781849  }, 
{ x : 308.096289151043, y :  247.077808817849  }, 
{ x : 308.152706794939, y :  257.087748256075  }, 
{ x : 308.201664124287, y :  267.076731721783  }, 
{ x : 308.2439944219, y :  277.075398838992  }, 
{ x : 308.280189293437, y :  287.072655081749  }, 
{ x : 308.310726563813, y :  297.076787703063  }, 
{ x : 308.335942129985, y :  307.073761005187  }, 
{ x : 308.356198946761, y :  317.081724046468  }, 
{ x : 308.371725721827, y :  327.079343155459  }, 
{ x : 308.382779132937, y :  337.076808340691  }, 
{ x : 308.389566966092, y :  347.087597838574  }, 
{ x : 308.392245430017, y :  357.081148553418  }, 
{ x : 308.390981364784, y :  367.074412698887  }, 
{ x : 308.385904763678, y :  377.070822123234  }, 
{ x : 308.377122326408, y :  387.075296439609  }, 
{ x : 308.364740936667, y :  397.077559269877  }, 
{ x : 308.348839123959, y :  407.084539477775  }, 
{ x : 308.32954334747, y :  417.070485472679  }, 
{ x : 308.306838789018, y :  427.077744453447  }, 
{ x : 308.28082968079, y :  437.081983312703  }, 
{ x : 308.251591730024, y :  447.075916205271  }, 
{ x : 308.219081828704, y :  457.087703769823  }, 
{ x : 308.183472974268, y :  467.076045846334  }, 
{ x : 308.144699501881, y :  477.070163341617  }, 
{ x : 308.102726012379, y :  487.082571008952  }, 
{ x : 308.057746179945, y :  497.07215701108  }, 
{ x : 308.009641837652, y :  507.06985831671  }, 
{ x : 307.932867396623, y :  517.078289939657  }, 
{ x : 307.849688751419, y :  527.08745357921  }, 
{ x : 307.766624156532, y :  537.082893164027  }, 
{ x : 307.683557559507, y :  547.078573672672  }, 
{ x : 307.600460398597, y :  557.07793203554  }, 
{ x : 307.51737358288, y :  567.076045526794  }, 
{ x : 307.434291064816, y :  577.073641867193  }, 
{ x : 307.351123097435, y :  587.081520608656  }, 
{ x : 307.268036298687, y :  597.079632058041  }, 
{ x : 307.184941910862, y :  607.078656726314  }, 
{ x : 307.101933473023, y :  617.067338746274  }, 
{ x : 307.01872595484, y :  627.079976767564  }, 
{ x : 306.935714133984, y :  637.069065877287  }, 
{ x : 306.852585685326, y :  647.072189199131  }, 
{ x : 306.769505245964, y :  657.069535402337  }, 
{ x : 306.686338616768, y :  667.077253115596  }, 
{ x : 306.603198964847, y :  677.081724563381  }, 
{ x : 306.520186836236, y :  687.070850706219  }, 
{ x : 306.437119654652, y :  697.066601556855  }, 
{ x : 306.353950498795, y :  707.074623311617  }, 
{ x : 306.270911043127, y :  717.067037810336  }, 
{ x : 306.187833550619, y :  727.064029408852  }, 
{ x : 306.104707548585, y :  737.066858320293  }, 
{ x : 306.021550940381, y :  747.073370174192  }, 
{ x : 305.938418970003, y :  757.076917276292  }, 
{ x : 305.855414010346, y :  767.065180755078  }, 
{ x : 305.772330893292, y :  777.062849173828  }, 
{ x : 305.689201705303, y :  787.066061461839  }, 
{ x : 305.606079064012, y :  797.068485963901  }, 
{ x : 305.522988799483, y :  807.067014462231  }, 
{ x : 305.439840832976, y :  817.072486431865  }, 
{ x : 305.356847292835, y :  827.059375762185  }, 
{ x : 305.273683015767, y :  837.066810436051  }, 
{ x : 305.190510191751, y :  847.075273592636  }, 
{ x : 305.107434658388, y :  857.072029440617  }, 
{ x : 305.024368331913, y :  867.067677393119  }, 
{ x : 300.00160681484, y :  865.00160681484  }, 
{ x : 292.935615224662, y :  857.935615224662  }, 
{ x : 285.860089653652, y :  850.860089653652  }, 
{ x : 278.785594087205, y :  843.785594087205  }, 
{ x : 271.716747654937, y :  836.716747654937  }, 
{ x : 264.643910329987, y :  829.643910329987  }, 
{ x : 257.57393028106, y :  822.57393028106  }, 
{ x : 250.507655523639, y :  815.507655523639  }, 
{ x : 243.440169655587, y :  808.440169655587  }, 
{ x : 236.361543222447, y :  801.361543222447  }, 
{ x : 229.292859239897, y :  794.292859239897  }, 
{ x : 222.224574561633, y :  787.224574561633  }, 
{ x : 215.148349096198, y :  780.148349096198  }, 
{ x : 208.075662323683, y :  773.075662323683  }, 
{ x : 201.0041705966, y :  766.0041705966  }, 
{ x : 193.94105312445, y :  758.94105312445  }, 
{ x : 186.860947241075, y :  751.860947241075  }, 
{ x : 179.79054537137, y :  744.79054537137  }, 
{ x : 172.715963632145, y :  737.715963632145  }, 
{ x : 165.651100776158, y :  730.651100776158  }, 
{ x : 158.586726284586, y :  723.586726284586  }, 
{ x : 1229.99708555639, y :  604.997085556388  }, 
{ x : 1222.93043720763, y :  597.930437207633  }, 
{ x : 1215.85829605787, y :  590.858296057868  }, 
{ x : 1208.79288537314, y :  583.792885373139  }, 
{ x : 1201.72090260047, y :  576.720902600471  }, 
{ x : 1194.64383066688, y :  569.643830666882  }, 
{ x : 1187.56985598933, y :  562.569855989332  }, 
{ x : 1180.50269957177, y :  555.502699571771  }, 
{ x : 1173.42701767065, y :  548.427017670649  }, 
{ x : 1166.36182376452, y :  541.361823764517  }, 
{ x : 1159.28576735075, y :  534.285767350746  }, 
{ x : 1152.2144785003, y :  527.214478500302  }, 
{ x : 1145.14405723666, y :  520.144057236655  }, 
{ x : 1138.07427983555, y :  513.074279835546  }, 
{ x : 1130.99972793038, y :  505.999727930375  }, 
{ x : 1123.93407609577, y :  498.934076095775  }, 
{ x : 1116.86560524035, y :  491.865605240345  }, 
{ x : 1109.79206968462, y :  484.792069684617  }, 
{ x : 1102.7217863996, y :  477.721786399602  }, 
{ x : 1095.6508962798, y :  470.650896279797  }, 
{ x : 1088.57553220207, y :  463.575532202069  }, 
{ x : 1081.50399305149, y :  456.503993051495  }, 
{ x : 1074.43399884729, y :  449.433998847292  }, 
{ x : 1067.36503923274, y :  442.365039232738  }, 
{ x : 1060.28800269268, y :  435.28800269268  }, 
{ x : 1053.21964720505, y :  428.219647205049  }, 
{ x : 1046.15881953154, y :  421.158819531538  }, 
{ x : 1039.07979812513, y :  414.079798125129  }, 
{ x : 1032.00871111798, y :  407.008711117981  }, 
{ x : 1024.94262570262, y :  399.942625702617  }, 
{ x : 1017.86096885235, y :  392.860968852347  }, 
{ x : 1010.7924040909, y :  385.792404090898  }, 
{ x : 1003.7251872663, y :  378.7251872663  }, 
{ x : 996.65863375938, y :  371.65863375938  }, 
{ x : 989.579377744667, y :  364.579377744667  }, 
{ x : 982.510762333495, y :  357.510762333495  }, 
{ x : 975.439700567949, y :  350.439700567949  }, 
{ x : 984.372946479503, y :  350  }, 
{ x : 994.378088910831, y :  350  }, 
{ x : 1004.38025424568, y :  350  }, 
{ x : 1014.37816927276, y :  350  }, 
{ x : 1024.37021260261, y :  350  }, 
{ x : 1034.37191592575, y :  350  }, 
{ x : 1044.38153631426, y :  350  }, 
{ x : 1054.3754733487, y :  350  }, 
{ x : 1064.36829430971, y :  350  }, 
{ x : 1074.37936879822, y :  350  }, 
{ x : 1084.38206383218, y :  350  }, 
{ x : 1094.37287762947, y :  350  }, 
{ x : 1104.38415088028, y :  350  }, 
{ x : 1114.38104135872, y :  350  }, 
{ x : 1124.38510319832, y :  350  }, 
{ x : 1134.38359318674, y :  350  }, 
{ x : 1144.37617759584, y :  350  }, 
{ x : 1154.38264487976, y :  350  }, 
{ x : 1164.38631787772, y :  350  }, 
{ x : 1174.37405744031, y :  350  }, 
{ x : 1184.37792150726, y :  350  }, 
{ x : 1194.36901944198, y :  350  }, 
{ x : 1204.3787325014, y :  350  }, 
{ x : 1214.37421973318, y :  350  }, 
{ x : 1224.37874717913, y :  350  }, 
{ x : 1234.37457738015, y :  350  }, 
{ x : 1244.3725861148, y :  350  }, 
{ x : 1254.3781352508, y :  350  }, 
{ x : 1264.38118307831, y :  350  }, 
{ x : 1274.3749549794, y :  350  }, 
{ x : 1284.37661659435, y :  350  }, 
{ x : 1294.37800901272, y :  350  }, 
{ x : 1304.37557375184, y :  350  }, 
{ x : 1314.38300911914, y :  350  }, 
{ x : 1324.38576972485, y :  350  }, 
{ x : 1334.37129112921, y :  350  }, 
{ x : 1344.38497031292, y :  350  }, 
{ x : 1354.38037418801, y :  350  }, 
{ x : 1364.3782868234, y :  350  }, 
{ x : 1374.38176906892, y :  350  }, 
{ x : 1384.37421415281, y :  350  }, 
{ x : 1394.37037344021, y :  350  }, 
{ x : 1400.05723891966, y :  356.706201501191  }, 
{ x : 1404.20946189039, y :  365.814303501509  }, 
{ x : 1408.35624363131, y :  374.910469900933  }, 
{ x : 1412.50567626942, y :  384.012451171628  }, 
{ x : 1416.65473936708, y :  393.11362183746  }, 
{ x : 1420.80030042768, y :  402.207110615564  }, 
{ x : 1424.9498675353, y :  411.309386851615  }, 
{ x : 1429.11578871459, y :  420.400315276468  }, 
{ x : 1433.30637407326, y :  429.482750950381  }, 
{ x : 1437.44777684119, y :  438.582760190038  }, 
{ x : 1441.52930928502, y :  447.701899855165  }, 
{ x : 1445.55189059905, y :  456.872053209925  }, 
{ x : 1449.48312681486, y :  466.053179067327  }, 
{ x : 1453.32337774739, y :  475.284333218267  }, 
{ x : 1457.05686320586, y :  484.572205031262  }, 
{ x : 1460.65622669248, y :  493.896757100738  }, 
{ x : 1464.11030837217, y :  503.280165451666  }, 
{ x : 1467.39830552632, y :  512.719471578719  }, 
{ x : 1470.50899630016, y :  522.236327699826  }, 
{ x : 1473.4156751458, y :  531.796799882402  }, 
{ x : 1476.11742593511, y :  541.436626242474  }, 
{ x : 1478.59642775379, y :  551.116534339224  }, 
{ x : 1480.85789993835, y :  560.860699060137  }, 
{ x : 1482.90009862621, y :  570.64302546356  }, 
{ x : 1484.73568667887, y :  580.479602449541  }, 
{ x : 1486.37331537092, y :  590.345991038437  }, 
{ x : 1487.8292126116, y :  600.240805099125  }, 
{ x : 1489.1197236136, y :  610.152672506574  }, 
{ x : 1490.26294298178, y :  620.07803799407  }, 
{ x : 1491.27754151068, y :  630.023867383279  }, 
{ x : 1492.18024432495, y :  639.991212866513  }, 
{ x : 1492.98437884557, y :  649.955010555539  }, 
{ x : 1493.70496579996, y :  659.925326307974  }, 
{ x : 1494.35498913036, y :  669.910898072965  }, 
{ x : 1494.94437196866, y :  679.896766919381  }, 
{ x : 1495.48302126633, y :  689.888636901076  }, 
{ x : 1495.97829350425, y :  699.867931041252  }, 
{ x : 1496.43882914191, y :  709.864857005858  }, 
{ x : 1496.86932531784, y :  719.848189935754  }, 
{ x : 1497.25742053986, y :  729.83398992673  }, 
{ x : 1497.60142703354, y :  739.832428148681  }, 
{ x : 1497.90492725372, y :  749.830795722199  }, 
{ x : 1498.16524153948, y :  759.824320245838  }, 
{ x : 1498.37923032045, y :  769.823639980188  }, 
{ x : 1498.54217751324, y :  779.824269661131  }, 
{ x : 1498.647831738, y :  789.826030223363  }, 
{ x : 1498.68744832277, y :  799.822770750723  }, 
{ x : 1498.64833545685, y :  809.828440668178  }, 
{ x : 1498.51118069887, y :  819.814235819484  }, 
{ x : 1498.24223828316, y :  829.825354797547  }, 
{ x : 1497.77903294563, y :  839.809764318212  }, 
{ x : 1496.96021747589, y :  849.779094921076  }, 
{ x : 1494.78442382813, y :  859.468702793121  }, 
{ x : 1486.79769126551, y :  854.644057529367  }, 
{ x : 1479.30108561649, y :  848.036280551114  }, 
{ x : 1471.90832811042, y :  841.300295537949  }, 
{ x : 1464.57092014294, y :  834.500996839051  }, 
{ x : 1457.27523069681, y :  827.666847058497  }, 
{ x : 1449.99738673929, y :  820.796247688279  }, 
{ x : 1442.75011207913, y :  813.913505870532  }, 
{ x : 1435.51127629448, y :  807.005609283224  }, 
{ x : 1428.29276521892, y :  800.089421896118  }, 
{ x : 1421.08256493868, y :  793.157475224659  }, 
{ x : 1413.88341054821, y :  786.215419283835  }, 
{ x : 1406.70385725662, y :  779.273899759276  }, 
{ x : 1399.51629241927, y :  772.308065690716  }, 
{ x : 1392.34005636522, y :  765.33812931275  }, 
{ x : 1385.17179405848, y :  758.362088868307  }, 
{ x : 1378.02357108063, y :  751.392758043221  }, 
{ x : 1370.86401688962, y :  744.400409520627  }, 
{ x : 1363.71910738058, y :  737.411128120741  }, 
{ x : 1356.57202161883, y :  730.409094105778  }, 
{ x : 1349.43534614347, y :  723.407177076398  }, 
{ x : 1342.2989022676, y :  716.395863204032  }, 
{ x : 1335.17290627315, y :  709.385601579345  }, 
{ x : 1328.0443252994, y :  702.363926775954  }, 
{ x : 1320.93293893435, y :  695.350645560393  }, 
{ x : 1313.81210041511, y :  688.319752717295  }, 
{ x : 1306.70025722943, y :  681.289689380553  }, 
{ x : 1299.59226218696, y :  674.255588342082  }, 
{ x : 1292.48217198487, y :  667.211744999077  }, 
{ x : 1285.38760878337, y :  660.175790228751  }, 
{ x : 1278.28965393822, y :  653.129112081292  }, 
{ x : 1271.19303160874, y :  646.076510500818  }, 
{ x : 1264.10229279612, y :  639.022615898782  }, 
{ x : 1257.02181877499, y :  631.971892474839  }, 
{ x : 1249.94321067911, y :  624.916062122211  }, 
{ x : 1242.85759885947, y :  617.846330787288  }, 
{ x : 1235.7812257477, y :  610.778950346412  }, 
{ x : 350, y :  313.990366339684  }, 
{ x : 350, y :  304.000328012538  }, 
{ x : 350, y :  294.00703302052  }, 
{ x : 350, y :  283.992925735191  }, 
{ x : 350, y :  274.002357091493  }, 
{ x : 350, y :  263.995945334434  }, 
{ x : 350, y :  253.994548933118  }, 
{ x : 350, y :  243.996514816459  }, 
{ x : 350, y :  234.004319697182  }, 
{ x : 350, y :  224.000635526125  }, 
{ x : 350, y :  214.003302483951  }, 
{ x : 350, y :  204.000206645198  }, 
{ x : 350, y :  193.994794225001  }, 
{ x : 350, y :  183.993509154322  }, 
{ x : 350, y :  173.993835158879  }, 
{ x : 350, y :  163.994538117619  }, 
{ x : 350, y :  153.993121699724  }, 
{ x : 350, y :  143.995736513083  }, 
{ x : 350, y :  133.992081689907  }, 
{ x : 350, y :  124.002888679504  }, 
{ x : 350, y :  113.991880909369  }, 
{ x : 350, y :  103.999606448022  }, 
{ x : 358.136421978706, y :  99.1459053785075  }, 
{ x : 367.179177215323, y :  94.8624950032681  }, 
{ x : 376.20606544218, y :  90.5866005800199  }, 
{ x : 385.247456795769, y :  86.3038362546358  }, 
{ x : 394.279033364728, y :  82.0257210377604  }, 
{ x : 403.32586489548, y :  77.7403797863517  }, 
{ x : 412.326021516103, y :  73.3920808251576  }, 
{ x : 421.316785408105, y :  69.0316025502336  }, 
{ x : 430.33913846848, y :  64.7174395480106  }, 
{ x : 439.395636627899, y :  60.4603561938864  }, 
{ x : 448.482154587355, y :  56.2757616940671  }, 
{ x : 457.598525708556, y :  52.1786165820033  }, 
{ x : 466.766151625735, y :  48.1759460199526  }, 
{ x : 475.975984404614, y :  44.2897916505256  }, 
{ x : 485.242379226999, y :  40.5331747137295  }, 
{ x : 494.5692403718, y :  36.9243447882454  }, 
{ x : 503.951648511473, y :  33.4845424805389  }, 
{ x : 513.40790817929, y :  30.2253990618901  }, 
{ x : 522.931060818036, y :  27.1655824217312  }, 
{ x : 532.519762589238, y :  24.3180372792067  }, 
{ x : 542.176073830558, y :  21.69036426602  }, 
{ x : 551.871352270639, y :  19.292751515939  }, 
{ x : 561.638139803887, y :  17.1148114406763  }, 
{ x : 571.441087714631, y :  15.1575221243966  }, 
{ x : 581.286142722712, y :  13.4080568480279  }, 
{ x : 591.172086889856, y :  11.852452528663  }, 
{ x : 601.071660364161, y :  10.4783243038273  }, 
{ x : 611.001073186788, y :  9.26579194301826  }, 
{ x : 620.933349139155, y :  8.20046373910577  }, 
{ x : 630.89003933589, y :  7.2629715046794  }, 
{ x : 640.870163782239, y :  6.43786827562258  }, 
{ x : 650.826529118571, y :  5.7140709611615  }, 
{ x : 660.810449108365, y :  5.07440613687504  }, 
{ x : 670.800024685556, y :  4.50868357477023  }, 
{ x : 680.791972330437, y :  4.00656183411775  }, 
{ x : 690.781835077141, y :  3.55896424346429  }, 
{ x : 700.764366690373, y :  3.15794185933373  }, 
{ x : 710.760594635813, y :  2.76370656729523  }, 
{ x : 720.756000355439, y :  2.37142133324232  }, 
{ x : 730.752384139487, y :  2.00174624774081  }, 
{ x : 740.737315928564, y :  1.65556942392141  }, 
{ x : 750.742628014839, y :  1.33263275609897  }, 
{ x : 760.729259946621, y :  1.03544557330656  }, 
{ x : 770.720573469207, y :  0.765060431675011  }, 
{ x : 780.721282012954, y :  0.523976119007784  }, 
{ x : 790.71223094832, y :  0.316328823611911  }, 
{ x : 800.713413662248, y :  0.147102416623966  }, 
{ x : 810.722731438324, y :  0.024720641433305  }, 
{ x : 820.728775993717, y :  -0.037028796985396  }, 
{ x : 830.723234155503, y :  -0.013180867606934  }, 
{ x : 840.717827787401, y :  0.15304734547135  }, 
{ x : 850.699435610091, y :  0.681557218660601  }, 
{ x : 853.083682317898, y :  7.62423166562803  }, 
{ x : 847.730142048327, y :  16.0606240984052  }, 
{ x : 841.660187979014, y :  24.0095227075799  }, 
{ x : 835.311468842909, y :  31.7290649398055  }, 
{ x : 828.801800615755, y :  39.316052720329  }, 
{ x : 822.183998910677, y :  46.8157562571287  }, 
{ x : 815.488465936756, y :  54.2519428901433  }, 
{ x : 808.741540018997, y :  61.6312941115175  }, 
{ x : 801.949592651472, y :  68.9707288900136  }, 
{ x : 795.122107743974, y :  76.2766672125472  }, 
{ x : 788.256972678999, y :  83.5634794058897  }, 
{ x : 781.383585879117, y :  90.8092923834884  }, 
{ x : 774.484082988405, y :  98.0402261290837  }, 
{ x : 767.554215053236, y :  105.266279661203  }, 
{ x : 760.6209761247, y :  112.463912358991  }, 
{ x : 753.666126967844, y :  119.655877256533  }, 
{ x : 746.706749686658, y :  126.827654232762  }, 
{ x : 739.723475253937, y :  134.001829795772  }, 
{ x : 732.737513648769, y :  141.158841263019  }, 
{ x : 725.745347846747, y :  148.30426608241  }, 
{ x : 718.740181349438, y :  155.446712787943  }, 
{ x : 711.737803844331, y :  162.571553003505  }, 
{ x : 704.727335300904, y :  169.691157278576  }, 
{ x : 697.694939084443, y :  176.820654507621  }, 
{ x : 690.665541214978, y :  183.935753703125  }, 
{ x : 683.636842888227, y :  191.039704215946  }, 
{ x : 676.605091824747, y :  198.137108075734  }, 
{ x : 669.550307569491, y :  205.248812761369  }, 
{ x : 662.510446044115, y :  212.337199944113  }, 
{ x : 655.464077515044, y :  219.424457340388  }, 
{ x : 648.402979669026, y :  226.519361384501  }, 
{ x : 641.349733600604, y :  233.599703934468  }, 
{ x : 634.279052317539, y :  240.691305213288  }, 
{ x : 627.221407875602, y :  247.764007281069  }, 
{ x : 620.158240348645, y :  254.836794848863  }, 
{ x : 613.086405777562, y :  261.91314563679  }, 
{ x : 606.020062826574, y :  268.979937173426  }, 
{ x : 598.942416506843, y :  276.057583493157  }, 
{ x : 591.872218219214, y :  283.127781780786  }, 
{ x : 584.804271569374, y :  290.195728430626  }, 
{ x : 577.727427030914, y :  297.272572969086  }, 
{ x : 570.661645113436, y :  304.338354886564  }, 
{ x : 563.592174222576, y :  311.407825777424  }, 
{ x : 556.52180209232, y :  318.47819790768  }, 
{ x : 549.451633151039, y :  325.548366848961  }, 
{ x : 542.377377586439, y :  332.622622413561  }, 
{ x : 535.298520665137, y :  339.701479334863  }, 
{ x : 528.236115424824, y :  346.763884575176  }, 
{ x : 521.159114356269, y :  353.840885643731  }, 
{ x : 514.085750312561, y :  360.914249687439  }, 
{ x : 507.019415452759, y :  367.980584547241  }, 
{ x : 499.948592372775, y :  375.051407627225  }, 
{ x : 492.882786050686, y :  382.117213949314  }, 
{ x : 485.806387904449, y :  389.193612095551  }, 
{ x : 478.738420922682, y :  396.261579077318  }, 
{ x : 471.661890369106, y :  403.338109630894  }, 
{ x : 464.595539280123, y :  410.404460719877  }, 
{ x : 457.523071897055, y :  417.476928102946  }, 
{ x : 450.45303867314, y :  424.54696132686  }, 
{ x : 443.383904062875, y :  431.616095937125  }, 
{ x : 436.305348062306, y :  438.694651937694  }, 
{ x : 429.244385347702, y :  445.755614652298  }, 
{ x : 422.165496041416, y :  452.834503958584  }, 
{ x : 415.095300856152, y :  459.904699143848  }, 
{ x : 408.0254618451, y :  466.9745381549  }, 
{ x : 400.960600256303, y :  474.039399743697  }, 
{ x : 393.884884202271, y :  481.115115797729  }, 
{ x : 386.811965689611, y :  488.188034310389  }, 
{ x : 379.746108790505, y :  495.253891209495  }, 
{ x : 372.675108441035, y :  502.324891558965  }, 
{ x : 365.594038815425, y :  509.405961184575  }, 
{ x : 358.521259444169, y :  516.478740555831  }, 
{ x : 351.462197862566, y :  523.537802137435  }, 
{ x : 350, y :  517.05003950675  }, 
{ x : 350, y :  507.055793159088  }, 
{ x : 350, y :  497.062517987619  }, 
{ x : 350, y :  487.064228989493  }, 
{ x : 350, y :  477.054872686131  }, 
{ x : 350, y :  467.064236259088  }, 
{ x : 350, y :  457.0586489559  }, 
{ x : 350, y :  447.068312400825  }, 
{ x : 350, y :  437.063969517955  }, 
{ x : 350, y :  427.06672999193  }, 
{ x : 350, y :  417.066170943366  }, 
{ x : 350, y :  407.065877920194  }, 
{ x : 350, y :  397.052053940581  }, 
{ x : 350, y :  387.057509770384  }, 
{ x : 350, y :  377.056858012529  }, 
{ x : 350, y :  367.056922745429  }, 
{ x : 350, y :  357.064752148142  }, 
{ x : 350, y :  347.055721746521  }, 
{ x : 350, y :  337.057994160972  }, 
{ x : 350, y :  327.059619902477  }, 
{ x : 350, y :  317.064097831026  }, 
{ x : 774.006802916527, y :  160.993197083473  }, 
{ x : 781.073855624116, y :  153.926144375884  }, 
{ x : 788.143477272216, y :  146.856522727785  }, 
{ x : 795.209584915323, y :  139.790415084677  }, 
{ x : 802.28865605616, y :  132.71134394384  }, 
{ x : 809.35813845307, y :  125.64186154693  }, 
{ x : 816.423305482134, y :  118.576694517866  }, 
{ x : 823.4984028932, y :  111.5015971068  }, 
{ x : 830.569534569116, y :  104.430465430883  }, 
{ x : 837.635117254254, y :  97.3648827457459  }, 
{ x : 844.709158400245, y :  90.2908415997554  }, 
{ x : 851.786618703668, y :  83.2133812963316  }, 
{ x : 858.851211580755, y :  76.1487884192452  }, 
{ x : 865.92528987187, y :  69.0747101281304  }, 
{ x : 872.996585585159, y :  62.0034144148413  }, 
{ x : 880.065464786781, y :  54.9345352132191  }, 
{ x : 887.13303571753, y :  47.8669642824702  }, 
{ x : 894.205093159075, y :  40.7949068409253  }, 
{ x : 901.274333316393, y :  33.7256666836074  }, 
{ x : 908.356752087424, y :  26.643247912576  }, 
{ x : 915.419097743037, y :  19.5809022569629  }, 
{ x : 922.489691061899, y :  12.5103089381009  }, 
{ x : 931.912685076939, y :  14.6213779638056  }, 
{ x : 941.502313737554, y :  17.4418569816335  }, 
{ x : 951.092083084135, y :  20.2623773776868  }, 
{ x : 960.683604914491, y :  23.0834132101445  }, 
{ x : 970.280823927576, y :  25.9061246845813  }, 
{ x : 979.866409508993, y :  28.7450576368124  }, 
{ x : 989.414356128582, y :  31.7403072930369  }, 
{ x : 998.888820073143, y :  34.901339459981  }, 
{ x : 1008.32527936154, y :  38.2356423510432  }, 
{ x : 1017.70266941517, y :  41.7320779541333  }, 
{ x : 1027.00002425469, y :  45.3781238256138  }, 
{ x : 1036.25302940111, y :  49.1837080862315  }, 
{ x : 1045.44086195274, y :  53.1368253876281  }, 
{ x : 1054.56163859869, y :  57.2327648027181  }, 
{ x : 1063.61355037558, y :  61.4668926494819  }, 
{ x : 1072.61359539838, y :  65.8439358672372  }, 
{ x : 1081.54130483326, y :  70.3507814090699  }, 
{ x : 1090.39507452665, y :  74.9830066180984  }, 
{ x : 1099.19198601178, y :  79.7465130360615  }, 
{ x : 1107.91186487534, y :  84.62739873283  }, 
{ x : 1116.57182131916, y :  89.6323159559361  }, 
{ x : 1125.17035215429, y :  94.7580271770644  }, 
{ x : 1133.68759265345, y :  99.9898644670625  }, 
{ x : 1142.1406576408, y :  105.33556063917  }, 
{ x : 1150.52818746108, y :  110.792019771749  }, 
{ x : 1158.83065277661, y :  116.34384330668  }, 
{ x : 1167.08327693668, y :  122.012426447618  }, 
{ x : 1175.24848046909, y :  127.769835371315  }, 
{ x : 1183.34329624195, y :  133.62549723126  }, 
{ x : 1191.38449364249, y :  139.589983137324  }, 
{ x : 1199.34398558267, y :  145.640682726928  }, 
{ x : 1207.22970383877, y :  151.781382148956  }, 
{ x : 1215.04944837707, y :  158.016435577458  }, 
{ x : 1222.79331870406, y :  164.336255594164  }, 
{ x : 1230.477821264, y :  170.752892666391  }, 
{ x : 1238.08438972608, y :  177.249447344022  }, 
{ x : 1245.61214218952, y :  183.823293710502  }, 
{ x : 1253.07738242754, y :  190.487318667147  }, 
{ x : 1260.46193858919, y :  197.223971013358  }, 
{ x : 1267.77349604177, y :  204.038699809995  }, 
{ x : 1275.0160805492, y :  210.934796985606  }, 
{ x : 1282.21237238134, y :  217.885390194617  }, 
{ x : 1289.3726438103, y :  224.870697150985  }, 
{ x : 1296.49355199784, y :  231.887956554983  }, 
{ x : 1303.57949049841, y :  238.943187258439  }, 
{ x : 1310.62254316576, y :  246.031673302223  }, 
{ x : 1317.62760301929, y :  253.163605005891  }, 
{ x : 1324.59963011805, y :  260.352744873093  }, 
{ x : 1331.50162236721, y :  267.574358712387  }, 
{ x : 1338.34985656312, y :  274.8682058292  }, 
{ x : 1345.11056785329, y :  282.241412416595  }, 
{ x : 1351.72513444792, y :  289.726902744966  }, 
{ x : 1358.02087394916, y :  297.494780249661  }, 
{ x : 1354.4092514615, y :  302.578209540921  }, 
{ x : 1344.45580117009, y :  303.605988806439  }, 
{ x : 1334.48253028071, y :  304.310607148573  }, 
{ x : 1324.50576307555, y :  304.873113139374  }, 
{ x : 1314.51545111273, y :  305.349981264779  }, 
{ x : 1304.52839849889, y :  305.766540995217  }, 
{ x : 1294.5225201312, y :  306.138421185051  }, 
{ x : 1284.53483112765, y :  306.473572634687  }, 
{ x : 1274.54078255038, y :  306.779212053035  }, 
{ x : 1264.54636838269, y :  307.059651604531  }, 
{ x : 1254.55332555904, y :  307.31821461577  }, 
{ x : 1244.54286108911, y :  307.55792846845  }, 
{ x : 1234.55619049072, y :  307.779859960079  }, 
{ x : 1224.56202998571, y :  307.98638102207  }, 
{ x : 1214.55755058083, y :  308.178845618547  }, 
{ x : 1204.56119028982, y :  308.358001398649  }, 
{ x : 1194.55910129286, y :  308.525029689787  }, 
{ x : 1184.56120786778, y :  308.680547422185  }, 
{ x : 1174.5597245275, y :  308.825347711235  }, 
{ x : 1164.57391269691, y :  308.959746740366  }, 
{ x : 1154.55961079895, y :  309.084819371928  }, 
{ x : 1144.56259633112, y :  309.200412077013  }, 
{ x : 1134.56557450347, y :  309.307128313166  }, 
{ x : 1124.56492181887, y :  309.405334679369  }, 
{ x : 1114.57205540067, y :  309.495216670439  }, 
{ x : 1104.56434762478, y :  309.577227166854  }, 
{ x : 1094.56792388211, y :  309.65137524827  }, 
{ x : 1084.5578511504, y :  309.718044242361  }, 
{ x : 1074.55930805206, y :  309.777241267264  }, 
{ x : 1064.56285716032, y :  309.829193321392  }, 
{ x : 1054.57572346283, y :  309.874012073973  }, 
{ x : 1044.56920661629, y :  309.911935794464  }, 
{ x : 1034.56704910382, y :  309.942963566703  }, 
{ x : 1024.55716146179, y :  309.967220245942  }, 
{ x : 1014.56317948215, y :  309.984734532531  }, 
{ x : 1004.57234248403, y :  309.995613533216  }, 
{ x : 994.571211317623, y :  309.999919306696  }, 
{ x : 984.567192900889, y :  310  }, 
{ x : 974.561820174102, y :  310  }, 
{ x : 964.563407186179, y :  310  }, 
{ x : 954.572622140404, y :  310  }, 
{ x : 944.559372888005, y :  310  }, 
{ x : 934.562256796016, y :  310  }, 
{ x : 924.563768982051, y :  310  }, 
{ x : 914.562503908819, y :  310  }, 
{ x : 904.562231327116, y :  310  }, 
{ x : 894.564113899309, y :  310  }, 
{ x : 884.562733599471, y :  310  }, 
{ x : 874.568562316075, y :  310  }, 
{ x : 864.565958776883, y :  310  }, 
{ x : 854.563155486634, y :  310  }, 
{ x : 844.563267411936, y :  310  }, 
{ x : 834.565408467905, y :  310  }, 
{ x : 824.565719474876, y :  310  }, 
{ x : 814.558330287495, y :  310  }, 
{ x : 804.569960613692, y :  310  }, 
{ x : 794.559599366992, y :  310  }, 
{ x : 784.570649174748, y :  310  }, 
{ x : 774.563616381683, y :  310  }, 
{ x : 764.567734984706, y :  310  }, 
{ x : 754.565110041139, y :  310  }, 
{ x : 744.574398459306, y :  310  }, 
{ x : 734.571303423763, y :  310  }, 
{ x : 724.555782226314, y :  310  }, 
{ x : 714.567048867765, y :  310  }, 
{ x : 704.567255081318, y :  310  }, 
{ x : 694.569428093477, y :  310  }, 
{ x : 684.560155774183, y :  310  }, 
{ x : 674.558434148647, y :  310  }, 
{ x : 664.55711344257, y :  310  }, 
{ x : 654.57037505554, y :  310  }, 
{ x : 644.557848935074, y :  310  }, 
{ x : 634.560008067638, y :  310  }, 
{ x : 625.305304469541, y :  309.694695530459  }, 
{ x : 632.376212954423, y :  302.623787045577  }, 
{ x : 639.456058657233, y :  295.543941342767  }, 
{ x : 646.526617673528, y :  288.473382326472  }, 
{ x : 653.596439959219, y :  281.403560040781  }, 
{ x : 660.665532750794, y :  274.334467249206  }, 
{ x : 667.734835786735, y :  267.265164213266  }, 
{ x : 674.809044274082, y :  260.190955725918  }, 
{ x : 681.875207158338, y :  253.124792841662  }, 
{ x : 688.945968878688, y :  246.054031121312  }, 
{ x : 696.022577367539, y :  238.977422632461  }, 
{ x : 703.086444397616, y :  231.913555602384  }, 
{ x : 710.162172606215, y :  224.837827393785  }, 
{ x : 717.231145777938, y :  217.768854222062  }, 
{ x : 724.307497065831, y :  210.692502934169  }, 
{ x : 731.377385617674, y :  203.622614382326  }, 
{ x : 738.440965948154, y :  196.559034051846  }, 
{ x : 745.513614900705, y :  189.486385099295  }, 
{ x : 752.59247863953, y :  182.40752136047  }, 
{ x : 759.662546117408, y :  175.337453882592  }, 
{ x : 766.725198037351, y :  168.274801962649  }, 
{ x : 773.796629652381, y :  161.203370347619  }, 
