, y :  1239.99702841043
, y :  1232.92770611668
, y :  1225.85976825874
, y :  1218.79203633033
, y :  1211.71153681142
, y :  1204.64771833443
, y :  1197.57531128183
, y :  1190.503164672
, y :  1183.43362114185
, y :  1176.35524871272
, y :  1169.28656533686
, y :  1162.21158690802
, y :  1155.14737082108
, y :  1148.08220748781
, y :  1141.00983241595
, y :  1133.93165196744
, y :  1126.85831740506
, y :  1119.78698845786
, y :  1112.72534741803
, y :  1105.64464549588
, y :  1098.57543356784
, y :  1091.51280198384
, y :  1084.44093336817
, y :  1077.36910216976
, y :  1070.29684406414
, y :  1063.22654586876
, y :  1056.15329349701
, y :  1049.07784035138
, y :  1042.0080474204
, y :  1034.94067921951
, y :  1027.86783073292
, y :  1020.79473245996
, y :  1013.72391182929
, y :  1006.64811565614
, y :  999.582195471458
, y :  992.518416536987
, y :  985.445437816889
, y :  982.314962608973
, y :  992.304605882284
, y :  1002.31095254212
, y :  1012.30994751491
, y :  1022.30679912788
, y :  1032.30745971393
, y :  1042.2982161611
, y :  1052.30672503854
, y :  1062.29737240172
, y :  1072.29930109507
, y :  1082.2867069723
, y :  1092.29310417405
, y :  1102.29453054046
, y :  1112.29021611551
, y :  1122.28806527675
, y :  1132.29765069485
, y :  1142.29036977663
, y :  1152.28661852115
, y :  1162.29365971259
, y :  1172.27638366655
, y :  1182.27692865678
, y :  1192.28095074379
, y :  1202.27726042793
, y :  1212.2879965707
, y :  1222.27550429136
, y :  1232.27661716928
, y :  1242.28648536478
, y :  1252.27919521104
, y :  1262.27925472175
, y :  1272.28660852338
, y :  1282.27777239567
, y :  1292.28708343852
, y :  1302.28650450373
, y :  1312.28016421438
, y :  1322.29093678765
, y :  1332.27795827317
, y :  1342.28057678064
, y :  1352.27657154207
, y :  1362.27245996054
, y :  1372.25953943262
, y :  1382.22845100611
, y :  1391.45445916969
, y :  1398.02717152277
, y :  1403.65130095578
, y :  1408.81042538225
, y :  1413.68314962615
, y :  1418.35322703268
, y :  1422.86039327602
, y :  1427.23734350593
, y :  1431.48965118134
, y :  1435.63878569625
, y :  1439.6974390786
, y :  1443.65994559674
, y :  1447.53680887427
, y :  1451.33199654191
, y :  1455.04231798213
, y :  1458.65732982067
, y :  1462.19168148221
, y :  1465.6306997002
, y :  1468.96357825065
, y :  1472.19237175843
, y :  1475.29467157494
, y :  1478.25584408631
, y :  1481.05630853847
, y :  1483.65893185654
, y :  1485.9990431501
, y :  1487.96602280477
, y :  1489.63796156976
, y :  1491.09236820244
, y :  1492.37674242386
, y :  1493.51694685491
, y :  1494.53527796466
, y :  1495.4463679199
, y :  1496.25879387546
, y :  1496.98171711061
, y :  1497.62097582256
, y :  1498.17989031875
, y :  1498.66295171876
, y :  1499.07059156774
, y :  1499.40489730584
, y :  1499.66538257395
, y :  1499.8526049659
, y :  1499.96472498507
, y :  1500
, y :  1500
, y :  1500
, y :  1500
, y :  1500
, y :  1500
, y :  1500
, y :  1500
, y :  1500
, y :  1500
, y :  1500
, y :  1500
, y :  1499.64512556791
, y :  1492.56846026983
, y :  1485.49925188171
, y :  1478.43258527814
, y :  1471.35378229236
, y :  1464.29129587363
, y :  1457.2119490942
, y :  1450.13860072162
, y :  1443.07248870193
, y :  1436.00135012456
, y :  1428.93237738416
, y :  1421.85925464604
, y :  1414.78753098066
, y :  1407.71611391544
, y :  1400.6502560054
, y :  1393.57994891829
, y :  1386.50388756248
, y :  1379.43080129147
, y :  1372.35645266018
, y :  1365.28778301545
, y :  1358.21964505917
, y :  1351.14724763732
, y :  1344.07848106898
, y :  1337.01079400824
, y :  1329.93238627387
, y :  1322.86868367454
, y :  1315.79238061612
, y :  1308.71585896516
, y :  1301.65756361697
, y :  1294.58373608708
, y :  1287.50842163319
, y :  1280.43770609141
, y :  1273.36702476149
, y :  1266.30072812841
, y :  1259.22400827985
, y :  1252.14832784899
, y :  1245.07701840252

, y :  1470.99761958979
, y :  1467.87899510213
, y :  1464.63345668382
, y :  1461.25790523269
, y :  1457.75719434393
, y :  1454.13122132961
, y :  1450.37390626361
, y :  1446.50310682296
, y :  1442.50078852671
, y :  1438.3794591146
, y :  1434.13285708704
, y :  1429.76793827649
, y :  1425.29250235786
, y :  1420.68543289011
, y :  1415.97666133152
, y :  1411.1444595105
, y :  1406.20494486228
, y :  1401.15107960277
, y :  1395.99198024976
, y :  1390.72891118625
, y :  1385.35422946417
, y :  1379.88683974944
, y :  1374.30998908612
, y :  1368.6338940234
, y :  1362.85986294329
, y :  1356.99918442319
, y :  1351.04363233061
, y :  1344.99240771669
, y :  1338.80934326515
, y :  1332.48246608432
, y :  1326.03718505486
, y :  1319.50378537599
, y :  1312.86726639618
, y :  1306.16009552056
, y :  1299.37536704203
, y :  1292.50191533787
, y :  1285.57488846163
, y :  1278.56980362406
, y :  1271.48806525779
, y :  1264.33521682024
, y :  1257.10007257475
, y :  1249.78272492439
, y :  1242.37756868452
, y :  1234.85320726467
, y :  1227.19762575145
, y :  1219.36385336093
, y :  1211.26442464441
, y :  1202.70139202906
, y :  1193.82113656309
, y :  1193.21214035615
, y :  1192.9165387774
, y :  1192.70207236709
, y :  1192.53189041064
, y :  1192.39070799798
, y :  1192.27087957412
, y :  1192.16758143526
, y :  1192.07777023315
, y :  1191.99957870061
, y :  1191.93109463698
, y :  1191.87116793297
, y :  1191.81906619192
, y :  1191.7738968818
, y :  1191.73502636034
, y :  1191.7020514197
, y :  1191.67452438424
, y :  1191.65213181117
, y :  1191.63453999429
, y :  1191.62155470987
, y :  1191.61291574043
, y :  1191.60844404426
, y :  1191.60798405642
, y :  1191.61139507503
, y :  1191.61856445788
, y :  1191.62936510237
, y :  1191.6437248265
, y :  1191.6615532484
, y :  1191.68275889395
, y :  1191.70729431857
, y :  1191.73513536932
, y :  1191.7661668308
, y :  1191.80043809708
, y :  1191.83783824995
, y :  1191.8783821011
, y :  1191.92210804735
, y :  1191.96881517196
, y :  1192.03054626762
, y :  1192.11359949419
, y :  1192.19669356267
, y :  1192.2798749073
, y :  1192.36299003916
, y :  1192.44609311723
, y :  1192.52911111005
, y :  1192.61229505424
, y :  1192.69532876277
, y :  1192.77842889889
, y :  1192.86143766418
, y :  1192.94458661652
, y :  1193.02770824071
, y :  1193.11082867538
, y :  1193.19389519825
, y :  1193.27702805854
, y :  1193.36010528448
, y :  1193.44315785243
, y :  1193.52636598051
, y :  1193.60936496103
, y :  1193.69247442115
, y :  1193.77559347109
, y :  1193.85874226372
, y :  1193.94178468392
, y :  1194.02494958867
, y :  1194.10802356899
, y :  1194.19112120496
, y :  1194.27426200755
, y :  1194.35734530367
, y :  1194.44034039476
, y :  1194.52350173588
, y :  1194.60664663796
, y :  1194.68972072297
, y :  1194.77282078126
, y :  1194.85593581468
, y :  1194.93905562095
, y :  1196.88541393843
, y :  1203.94672952345
, y :  1211.02896554057
, y :  1218.08999243748
, y :  1225.16903355362
, y :  1232.23680379425
, y :  1239.3041938711
, y :  1246.3747605558
, y :  1253.45464641672
, y :  1260.51980862089
, y :  1267.5983172245
, y :  1274.65745719275
, y :  1281.73228282933
, y :  1288.79974462537
, y :  1295.87901501048
, y :  1302.94445180133
, y :  1310.02390524678
, y :  1317.08425410912
, y :  1324.15854391249
, y :  1331.2354200136
, y :  1338.31119544062
, y :  1345.35879296763
, y :  1352.37562022672
, y :  1359.39366180403
, y :  1366.41655857646
, y :  1373.44397409798
, y :  1380.46717262352
, y :  1387.49485168559
, y :  1394.5159680034
, y :  1401.54171245248
, y :  1408.56468568854
, y :  1415.57476278769
, y :  1422.60672301487
, y :  1429.62812537997
, y :  1436.6541910801
, y :  1443.67497731691
, y :  1450.69748391076
, y :  1457.7154745208
, y :  1464.74482511793
, y :  1471.76490902449
, y :  1478.78402955848
, y :  1485.80846202752
, y :  1485.9662884865
, y :  1483.01430523209
, y :  1480.0599420506
, y :  1477.10737085939
, y :  1474.15772859752
, y :  1471.20276091993

, y :  992.995794057846
, y :  983.001948786223
, y :  973.002499629532
, y :  963.002070288349
, y :  953.004854567815
, y :  942.998883904897
, y :  933.004089862516
, y :  922.997180219645
, y :  913.007725807802
, y :  903.006505241683
, y :  893.004364636993
, y :  882.992916153489
, y :  872.996334865798
, y :  862.998079936951
, y :  853.00571768339
, y :  843.005198955591
, y :  832.994750691869
, y :  823.003577470779
, y :  813.008995337404
, y :  803.00387348322
, y :  792.997727918731
, y :  783.000447838393
, y :  772.989632967605
, y :  762.994763943129
, y :  752.998319235921
, y :  743.003490822553
, y :  733.003108244947
, y :  722.99799106238
, y :  712.99898118592
, y :  703.001142208564
, y :  693.006245948862
, y :  683.006192299072
, y :  672.991553408523
, y :  662.996404647827
, y :  652.999710584118
, y :  642.998519927263
, y :  633.006848022749
, y :  626.415096753772
, y :  633.491849590791
, y :  640.558911144239
, y :  647.62989294529
, y :  654.704962108517
, y :  661.771707611101
, y :  668.848783242196
, y :  675.912661388138
, y :  682.980581003387
, y :  690.055546210027
, y :  697.126760755968
, y :  704.203485947919
, y :  711.269409706914
, y :  718.345752380814
, y :  725.405119465099
, y :  732.482817647319
, y :  739.559062433658
, y :  746.627729477041
, y :  753.691861858879
, y :  760.760882450926
, y :  767.834377422696
, y :  774.906738914549
, y :  781.983341637417
, y :  789.057029205971
, y :  796.117102095508
, y :  803.195856473059
, y :  810.264076106045
, y :  817.330110638854
, y :  824.402971950587
, y :  831.472226023108
, y :  838.551672524392
, y :  845.615601293743
, y :  852.685444631017
, y :  859.757407913823
, y :  866.837659940706
, y :  873.897513040924
, y :  880.970290236175
, y :  888.04581040144
, y :  895.112511732616
, y :  902.19363116473
, y :  909.253508903086
, y :  916.334009935148
, y :  923.915347455302
, y :  933.557689374313
, y :  943.19689477724
, y :  952.825266242027
, y :  962.464851379395
, y :  972.079058126033
, y :  981.60911451935
, y :  991.068261866545
, y :  1000.47176906056
, y :  1009.81351811514
, y :  1019.07677273756
, y :  1028.2967534567
, y :  1037.44758784199
, y :  1046.52960844099
, y :  1055.57007554913
, y :  1064.54586998033
, y :  1073.47318807442
, y :  1082.34301751486
, y :  1091.15979289973
, y :  1099.92837681192
, y :  1108.640938942
, y :  1117.28992578987
, y :  1125.8939362592
, y :  1134.44568707307
, y :  1142.95086718522
, y :  1151.38948797933
, y :  1159.78001754916
, y :  1168.11513525643
, y :  1176.40002201916
, y :  1184.62702106955
, y :  1192.78840819976
, y :  1200.90065232621
, y :  1208.94302890432
, y :  1216.93071130922
, y :  1224.84240487575
, y :  1232.70313053723
, y :  1240.47897519913
, y :  1248.18148665103
, y :  1255.80927289795
, y :  1263.35950031919
, y :  1270.81739984055
, y :  1278.18762961216
, y :  1285.45228728056
, y :  1292.61144738242
, y :  1299.65246572038
, y :  1306.57761006494
, y :  1313.35807503093
, y :  1319.97918164916
, y :  1326.43602772469
, y :  1332.68563557147
, y :  1338.72154564613
, y :  1344.47231105436
, y :  1350.15129918605
, y :  1355.83650293667
, y :  1360.10134889558
, y :  1350.11122736085
, y :  1340.09363229899
, y :  1330.09975362942
, y :  1320.10082567386
, y :  1310.09692292552
, y :  1300.103300977
, y :  1290.10037655995
, y :  1280.09856187758
, y :  1270.10749483674
, y :  1260.10781399455
, y :  1250.10442461749
, y :  1240.10487768818
, y :  1230.10736511841
, y :  1220.10267204448
, y :  1210.10911404312
, y :  1200.10846218495
, y :  1190.09610633789
, y :  1180.09947906388
, y :  1170.09470343429
, y :  1160.1080844666
, y :  1150.0991869787
, y :  1140.09602635267
, y :  1130.09501239151
, y :  1120.09558594314
, y :  1110.10125143818
, y :  1100.10523462698
, y :  1090.10882770171
, y :  1080.09429166047
, y :  1070.10282752655
, y :  1060.09568466194
, y :  1050.09623023868
, y :  1040.09828997163
, y :  1030.09781293821
, y :  1020.09724742692
, y :  1010.10284597863
, y :  1000.10408914462

, y :  1092.99478154094
, y :  1084.0180670718
, y :  1075.00969135446
, y :  1065.98263319863
, y :  1056.90449902508
, y :  1047.81538910061
, y :  1038.67728818533
, y :  1029.48549368764
, y :  1020.26333457977
, y :  1010.9605041194
, y :  1001.61955421883
, y :  992.209725221854
, y :  982.726144313812
, y :  973.173323265893
, y :  963.566598520963
, y :  953.887623467483
, y :  944.149535104969
, y :  934.368788144975
, y :  924.551711188593
, y :  914.695352313253
, y :  904.804477128317
, y :  894.892605828471
, y :  884.964290567557
, y :  875.012611726881
, y :  865.055521231426
, y :  855.077330824106
, y :  845.106295273683
, y :  835.122491724745
, y :  825.127659716838
, y :  815.148419142124
, y :  805.166968244986
, y :  795.163012933476
, y :  785.176563255778
, y :  775.180389404297
, y :  765.179567790139
, y :  755.190161153107
, y :  745.197011528624
, y :  735.19520197784
, y :  725.204509466936
, y :  715.216299382038
, y :  705.218443930149
, y :  695.203427453744
, y :  685.206300750562
, y :  675.208731306266
, y :  665.218345775895
, y :  655.2180198485
, y :  645.643927693367
, y :  648.938819238683
, y :  654.697439194424
, y :  660.904381270975
, y :  667.324988990495
, y :  673.884594422852
, y :  680.533376116252
, y :  687.25372136198
, y :  694.021917634351
, y :  700.820733946045
, y :  707.667788495438
, y :  714.533886906115
, y :  721.420201653848
, y :  728.34261393463
, y :  735.27063550413
, y :  742.207824895158
, y :  749.16524050734
, y :  756.138609639158
, y :  763.115726502719
, y :  770.098317988511
, y :  777.103771706273
, y :  784.103480851922
, y :  791.119713199175
, y :  798.139100748198
, y :  805.162145589133
, y :  812.190864148783
, y :  819.228735286533
, y :  826.266013222598
, y :  833.308023578923
, y :  840.361445472015
, y :  847.418709388003
, y :  854.472323420639
, y :  861.531030461495
, y :  868.588375419527
, y :  875.654697069841
, y :  882.72451826508
, y :  889.7924074808
, y :  896.862361873127
, y :  903.932735964772
, y :  911.001747125411
, y :  918.071587197483
, y :  925.149229160516
, y :  932.216268546803
, y :  939.286195053137
, y :  946.356063663543
, y :  953.436854113825
, y :  960.499017181627
, y :  967.568412745022
, y :  974.639140141007
, y :  981.711994060533
, y :  988.781483882258
, y :  995.857403470139
, y :  1002.9290789334
, y :  1009.99933061649
, y :  1017.07236357302
, y :  1024.14122284194
, y :  1031.21105635982
, y :  1038.28667619255
, y :  1045.34852581969
, y :  1052.42273951514
, y :  1059.4980132072
, y :  1066.57199644542
, y :  1073.63870431997
, y :  1080.70897521648
, y :  1087.78549915704
, y :  1094.85074937636
, y :  1101.92365661755
, y :  1108.99945193502
, y :  1116.05958029658
, y :  1123.13952267473
, y :  1130.20421773558
, y :  1137.28365439922
, y :  1144.35060881312
, y :  1150
, y :  1150
, y :  1150
, y :  1150
, y :  1150
, y :  1150
, y :  1150
, y :  1150
, y :  1150
, y :  1150
, y :  1150
, y :  1150
, y :  1150
, y :  1150
, y :  1150
, y :  1150
, y :  1150
, y :  1150
, y :  1150
, y :  1150
, y :  1150
, y :  1150
, y :  1150
, y :  1150
, y :  1150
, y :  1150
, y :  1150
, y :  1150
, y :  1150
, y :  1150
, y :  1150
, y :  1150
, y :  1150
, y :  1150
, y :  1150
, y :  1150
, y :  1150
, y :  1150
, y :  1150
, y :  1150
, y :  1150
, y :  1150
, y :  1149.98961734772
, y :  1140.95243875918
, y :  1131.90611267099
, y :  1122.87720861449
, y :  1113.84044965598
, y :  1104.81043684483
, y :  1095.76849145233

, y :  721.993242740631
, y :  714.911513040774
, y :  707.809137821198
, y :  700.716454383917
, y :  693.617357333846
, y :  686.526786871094
, y :  679.428029648918
, y :  672.332178970493
, y :  665.242260870104
, y :  658.147396307943
, y :  651.047939435919
, y :  643.950407457653
, y :  636.859202598769
, y :  629.76791618373
, y :  622.665722154081
, y :  615.570818394073
, y :  608.47765327546
, y :  601.382733160179
, y :  594.287787822235
, y :  587.199069756083
, y :  580.100948642823
, y :  572.67857082421
, y :  563.234443262685
, y :  553.81560183689
, y :  544.373570467287
, y :  534.934479482938
, y :  525.51260917628
, y :  516.067355862706
, y :  506.619050634383
, y :  497.201560356534
, y :  487.830295736931
, y :  478.488920331001
, y :  469.192041535262
, y :  459.938305170697
, y :  450.726166663346
, y :  441.5831066221
, y :  432.462834620994
, y :  423.406555522449
, y :  414.410974336128
, y :  405.472665521873
, y :  396.588071354989
, y :  387.753500283793
, y :  379.005743559683
, y :  370.299474827243
, y :  361.670558469516
, y :  353.11384555609
, y :  344.624187156558
, y :  336.196434340509
, y :  327.851272276737
, y :  319.570256244455
, y :  311.360855948351
, y :  303.230350676313
, y :  295.160582493292
, y :  287.165118971345
, y :  279.262806370418
, y :  271.487579630661
, y :  263.824070404546
, y :  256.239573937502
, y :  248.754128956393
, y :  241.330378978775
, y :  233.991188118734
, y :  226.719189126838
, y :  219.510002570914
, y :  212.373515138781
, y :  205.298188490649
, y :  198.302565000724
, y :  191.377547562992
, y :  184.53853368187
, y :  177.786290690303
, y :  171.140705353348
, y :  164.628193100979
, y :  158.284927346017
, y :  152.182966701996
, y :  146.505175689847
, y :  141.934814429143
, y :  147.104677081108
, y :  157.093448758125
, y :  167.08945941925
, y :  177.077717966633
, y :  187.081690358609
, y :  197.086236727104
, y :  207.085800254019
, y :  217.075501381652
, y :  227.078542564443
, y :  237.076631781849
, y :  247.077808817849
, y :  257.087748256075
, y :  267.076731721783
, y :  277.075398838992
, y :  287.072655081749
, y :  297.076787703063
, y :  307.073761005187
, y :  317.081724046468
, y :  327.079343155459
, y :  337.076808340691
, y :  347.087597838574
, y :  357.081148553418
, y :  367.074412698887
, y :  377.070822123234
, y :  387.075296439609
, y :  397.077559269877
, y :  407.084539477775
, y :  417.070485472679
, y :  427.077744453447
, y :  437.081983312703
, y :  447.075916205271
, y :  457.087703769823
, y :  467.076045846334
, y :  477.070163341617
, y :  487.082571008952
, y :  497.07215701108
, y :  507.06985831671
, y :  517.078289939657
, y :  527.08745357921
, y :  537.082893164027
, y :  547.078573672672
, y :  557.07793203554
, y :  567.076045526794
, y :  577.073641867193
, y :  587.081520608656
, y :  597.079632058041
, y :  607.078656726314
, y :  617.067338746274
, y :  627.079976767564
, y :  637.069065877287
, y :  647.072189199131
, y :  657.069535402337
, y :  667.077253115596
, y :  677.081724563381
, y :  687.070850706219
, y :  697.066601556855
, y :  707.074623311617
, y :  717.067037810336
, y :  727.064029408852
, y :  737.066858320293
, y :  747.073370174192
, y :  757.076917276292
, y :  767.065180755078
, y :  777.062849173828
, y :  787.066061461839
, y :  797.068485963901
, y :  807.067014462231
, y :  817.072486431865
, y :  827.059375762185
, y :  837.066810436051
, y :  847.075273592636
, y :  857.072029440617
, y :  867.067677393119
, y :  865.00160681484
, y :  857.935615224662
, y :  850.860089653652
, y :  843.785594087205
, y :  836.716747654937
, y :  829.643910329987
, y :  822.57393028106
, y :  815.507655523639
, y :  808.440169655587
, y :  801.361543222447
, y :  794.292859239897
, y :  787.224574561633
, y :  780.148349096198
, y :  773.075662323683
, y :  766.0041705966
, y :  758.94105312445
, y :  751.860947241075
, y :  744.79054537137
, y :  737.715963632145
, y :  730.651100776158
, y :  723.586726284586

, y :  604.997085556388
, y :  597.930437207633
, y :  590.858296057868
, y :  583.792885373139
, y :  576.720902600471
, y :  569.643830666882
, y :  562.569855989332
, y :  555.502699571771
, y :  548.427017670649
, y :  541.361823764517
, y :  534.285767350746
, y :  527.214478500302
, y :  520.144057236655
, y :  513.074279835546
, y :  505.999727930375
, y :  498.934076095775
, y :  491.865605240345
, y :  484.792069684617
, y :  477.721786399602
, y :  470.650896279797
, y :  463.575532202069
, y :  456.503993051495
, y :  449.433998847292
, y :  442.365039232738
, y :  435.28800269268
, y :  428.219647205049
, y :  421.158819531538
, y :  414.079798125129
, y :  407.008711117981
, y :  399.942625702617
, y :  392.860968852347
, y :  385.792404090898
, y :  378.7251872663
, y :  371.65863375938
, y :  364.579377744667
, y :  357.510762333495
, y :  350.439700567949
, y :  350
, y :  350
, y :  350
, y :  350
, y :  350
, y :  350
, y :  350
, y :  350
, y :  350
, y :  350
, y :  350
, y :  350
, y :  350
, y :  350
, y :  350
, y :  350
, y :  350
, y :  350
, y :  350
, y :  350
, y :  350
, y :  350
, y :  350
, y :  350
, y :  350
, y :  350
, y :  350
, y :  350
, y :  350
, y :  350
, y :  350
, y :  350
, y :  350
, y :  350
, y :  350
, y :  350
, y :  350
, y :  350
, y :  350
, y :  350
, y :  350
, y :  350
, y :  356.706201501191
, y :  365.814303501509
, y :  374.910469900933
, y :  384.012451171628
, y :  393.11362183746
, y :  402.207110615564
, y :  411.309386851615
, y :  420.400315276468
, y :  429.482750950381
, y :  438.582760190038
, y :  447.701899855165
, y :  456.872053209925
, y :  466.053179067327
, y :  475.284333218267
, y :  484.572205031262
, y :  493.896757100738
, y :  503.280165451666
, y :  512.719471578719
, y :  522.236327699826
, y :  531.796799882402
, y :  541.436626242474
, y :  551.116534339224
, y :  560.860699060137
, y :  570.64302546356
, y :  580.479602449541
, y :  590.345991038437
, y :  600.240805099125
, y :  610.152672506574
, y :  620.07803799407
, y :  630.023867383279
, y :  639.991212866513
, y :  649.955010555539
, y :  659.925326307974
, y :  669.910898072965
, y :  679.896766919381
, y :  689.888636901076
, y :  699.867931041252
, y :  709.864857005858
, y :  719.848189935754
, y :  729.83398992673
, y :  739.832428148681
, y :  749.830795722199
, y :  759.824320245838
, y :  769.823639980188
, y :  779.824269661131
, y :  789.826030223363
, y :  799.822770750723
, y :  809.828440668178
, y :  819.814235819484
, y :  829.825354797547
, y :  839.809764318212
, y :  849.779094921076
, y :  859.468702793121
, y :  854.644057529367
, y :  848.036280551114
, y :  841.300295537949
, y :  834.500996839051
, y :  827.666847058497
, y :  820.796247688279
, y :  813.913505870532
, y :  807.005609283224
, y :  800.089421896118
, y :  793.157475224659
, y :  786.215419283835
, y :  779.273899759276
, y :  772.308065690716
, y :  765.33812931275
, y :  758.362088868307
, y :  751.392758043221
, y :  744.400409520627
, y :  737.411128120741
, y :  730.409094105778
, y :  723.407177076398
, y :  716.395863204032
, y :  709.385601579345
, y :  702.363926775954
, y :  695.350645560393
, y :  688.319752717295
, y :  681.289689380553
, y :  674.255588342082
, y :  667.211744999077
, y :  660.175790228751
, y :  653.129112081292
, y :  646.076510500818
, y :  639.022615898782
, y :  631.971892474839
, y :  624.916062122211
, y :  617.846330787288
, y :  610.778950346412

, y :  313.990366339684
, y :  304.000328012538
, y :  294.00703302052
, y :  283.992925735191
, y :  274.002357091493
, y :  263.995945334434
, y :  253.994548933118
, y :  243.996514816459
, y :  234.004319697182
, y :  224.000635526125
, y :  214.003302483951
, y :  204.000206645198
, y :  193.994794225001
, y :  183.993509154322
, y :  173.993835158879
, y :  163.994538117619
, y :  153.993121699724
, y :  143.995736513083
, y :  133.992081689907
, y :  124.002888679504
, y :  113.991880909369
, y :  103.999606448022
, y :  99.1459053785075
, y :  94.8624950032681
, y :  90.5866005800199
, y :  86.3038362546358
, y :  82.0257210377604
, y :  77.7403797863517
, y :  73.3920808251576
, y :  69.0316025502336
, y :  64.7174395480106
, y :  60.4603561938864
, y :  56.2757616940671
, y :  52.1786165820033
, y :  48.1759460199526
, y :  44.2897916505256
, y :  40.5331747137295
, y :  36.9243447882454
, y :  33.4845424805389
, y :  30.2253990618901
, y :  27.1655824217312
, y :  24.3180372792067
, y :  21.69036426602
, y :  19.292751515939
, y :  17.1148114406763
, y :  15.1575221243966
, y :  13.4080568480279
, y :  11.852452528663
, y :  10.4783243038273
, y :  9.26579194301826
, y :  8.20046373910577
, y :  7.2629715046794
, y :  6.43786827562258
, y :  5.7140709611615
, y :  5.07440613687504
, y :  4.50868357477023
, y :  4.00656183411775
, y :  3.55896424346429
, y :  3.15794185933373
, y :  2.76370656729523
, y :  2.37142133324232
, y :  2.00174624774081
, y :  1.65556942392141
, y :  1.33263275609897
, y :  1.03544557330656
, y :  0.765060431675011
, y :  0.523976119007784
, y :  0.316328823611911
, y :  0.147102416623966
, y :  0.024720641433305
, y :  -0.037028796985396
, y :  -0.013180867606934
, y :  0.15304734547135
, y :  0.681557218660601
, y :  7.62423166562803
, y :  16.0606240984052
, y :  24.0095227075799
, y :  31.7290649398055
, y :  39.316052720329
, y :  46.8157562571287
, y :  54.2519428901433
, y :  61.6312941115175
, y :  68.9707288900136
, y :  76.2766672125472
, y :  83.5634794058897
, y :  90.8092923834884
, y :  98.0402261290837
, y :  105.266279661203
, y :  112.463912358991
, y :  119.655877256533
, y :  126.827654232762
, y :  134.001829795772
, y :  141.158841263019
, y :  148.30426608241
, y :  155.446712787943
, y :  162.571553003505
, y :  169.691157278576
, y :  176.820654507621
, y :  183.935753703125
, y :  191.039704215946
, y :  198.137108075734
, y :  205.248812761369
, y :  212.337199944113
, y :  219.424457340388
, y :  226.519361384501
, y :  233.599703934468
, y :  240.691305213288
, y :  247.764007281069
, y :  254.836794848863
, y :  261.91314563679
, y :  268.979937173426
, y :  276.057583493157
, y :  283.127781780786
, y :  290.195728430626
, y :  297.272572969086
, y :  304.338354886564
, y :  311.407825777424
, y :  318.47819790768
, y :  325.548366848961
, y :  332.622622413561
, y :  339.701479334863
, y :  346.763884575176
, y :  353.840885643731
, y :  360.914249687439
, y :  367.980584547241
, y :  375.051407627225
, y :  382.117213949314
, y :  389.193612095551
, y :  396.261579077318
, y :  403.338109630894
, y :  410.404460719877
, y :  417.476928102946
, y :  424.54696132686
, y :  431.616095937125
, y :  438.694651937694
, y :  445.755614652298
, y :  452.834503958584
, y :  459.904699143848
, y :  466.9745381549
, y :  474.039399743697
, y :  481.115115797729
, y :  488.188034310389
, y :  495.253891209495
, y :  502.324891558965
, y :  509.405961184575
, y :  516.478740555831
, y :  523.537802137435
, y :  517.05003950675
, y :  507.055793159088
, y :  497.062517987619
, y :  487.064228989493
, y :  477.054872686131
, y :  467.064236259088
, y :  457.0586489559
, y :  447.068312400825
, y :  437.063969517955
, y :  427.06672999193
, y :  417.066170943366
, y :  407.065877920194
, y :  397.052053940581
, y :  387.057509770384
, y :  377.056858012529
, y :  367.056922745429
, y :  357.064752148142
, y :  347.055721746521
, y :  337.057994160972
, y :  327.059619902477
, y :  317.064097831026

, y :  160.993197083473
, y :  153.926144375884
, y :  146.856522727785
, y :  139.790415084677
, y :  132.71134394384
, y :  125.64186154693
, y :  118.576694517866
, y :  111.5015971068
, y :  104.430465430883
, y :  97.3648827457459
, y :  90.2908415997554
, y :  83.2133812963316
, y :  76.1487884192452
, y :  69.0747101281304
, y :  62.0034144148413
, y :  54.9345352132191
, y :  47.8669642824702
, y :  40.7949068409253
, y :  33.7256666836074
, y :  26.643247912576
, y :  19.5809022569629
, y :  12.5103089381009
, y :  14.6213779638056
, y :  17.4418569816335
, y :  20.2623773776868
, y :  23.0834132101445
, y :  25.9061246845813
, y :  28.7450576368124
, y :  31.7403072930369
, y :  34.901339459981
, y :  38.2356423510432
, y :  41.7320779541333
, y :  45.3781238256138
, y :  49.1837080862315
, y :  53.1368253876281
, y :  57.2327648027181
, y :  61.4668926494819
, y :  65.8439358672372
, y :  70.3507814090699
, y :  74.9830066180984
, y :  79.7465130360615
, y :  84.62739873283
, y :  89.6323159559361
, y :  94.7580271770644
, y :  99.9898644670625
, y :  105.33556063917
, y :  110.792019771749
, y :  116.34384330668
, y :  122.012426447618
, y :  127.769835371315
, y :  133.62549723126
, y :  139.589983137324
, y :  145.640682726928
, y :  151.781382148956
, y :  158.016435577458
, y :  164.336255594164
, y :  170.752892666391
, y :  177.249447344022
, y :  183.823293710502
, y :  190.487318667147
, y :  197.223971013358
, y :  204.038699809995
, y :  210.934796985606
, y :  217.885390194617
, y :  224.870697150985
, y :  231.887956554983
, y :  238.943187258439
, y :  246.031673302223
, y :  253.163605005891
, y :  260.352744873093
, y :  267.574358712387
, y :  274.8682058292
, y :  282.241412416595
, y :  289.726902744966
, y :  297.494780249661
, y :  302.578209540921
, y :  303.605988806439
, y :  304.310607148573
, y :  304.873113139374
, y :  305.349981264779
, y :  305.766540995217
, y :  306.138421185051
, y :  306.473572634687
, y :  306.779212053035
, y :  307.059651604531
, y :  307.31821461577
, y :  307.55792846845
, y :  307.779859960079
, y :  307.98638102207
, y :  308.178845618547
, y :  308.358001398649
, y :  308.525029689787
, y :  308.680547422185
, y :  308.825347711235
, y :  308.959746740366
, y :  309.084819371928
, y :  309.200412077013
, y :  309.307128313166
, y :  309.405334679369
, y :  309.495216670439
, y :  309.577227166854
, y :  309.65137524827
, y :  309.718044242361
, y :  309.777241267264
, y :  309.829193321392
, y :  309.874012073973
, y :  309.911935794464
, y :  309.942963566703
, y :  309.967220245942
, y :  309.984734532531
, y :  309.995613533216
, y :  309.999919306696
, y :  310
, y :  310
, y :  310
, y :  310
, y :  310
, y :  310
, y :  310
, y :  310
, y :  310
, y :  310
, y :  310
, y :  310
, y :  310
, y :  310
, y :  310
, y :  310
, y :  310
, y :  310
, y :  310
, y :  310
, y :  310
, y :  310
, y :  310
, y :  310
, y :  310
, y :  310
, y :  310
, y :  310
, y :  310
, y :  310
, y :  310
, y :  310
, y :  310
, y :  310
, y :  310
, y :  310
, y :  309.694695530459
, y :  302.623787045577
, y :  295.543941342767
, y :  288.473382326472
, y :  281.403560040781
, y :  274.334467249206
, y :  267.265164213266
, y :  260.190955725918
, y :  253.124792841662
, y :  246.054031121312
, y :  238.977422632461
, y :  231.913555602384
, y :  224.837827393785
, y :  217.768854222062
, y :  210.692502934169
, y :  203.622614382326
, y :  196.559034051846
, y :  189.486385099295
, y :  182.40752136047
, y :  175.337453882592
, y :  168.274801962649
, y :  161.203370347619
